payment_id,booking_id,user_id,payment_method,payment_date,transaction_status,amounts
PMT_1,BK_1,US_543,"Credit Card","2025-07-26 19:40:18",Success,800.00
PMT_2,BK_2,US_2440,"Debit Card","2024-05-31 11:52:49",Failed,600.00
PMT_3,BK_3,US_4022,Wallet,"2025-06-05 22:58:22",Success,300.00
PMT_4,BK_4,US_393,Wallet,"2024-05-11 3:39:48",Success,300.00
PMT_5,BK_5,US_8593,Wallet,"2024-09-21 4:57:45",Success,300.00
PMT_6,BK_6,US_1987,UPI,"2024-03-19 2:24:22",Success,400.00
PMT_7,BK_7,US_9127,"Net Banking","2024-09-30 23:31:54",Success,500.00
PMT_8,BK_8,US_5127,"Net Banking","2024-03-05 10:28:18",Success,500.00
PMT_9,BK_9,US_5951,"Debit Card","2025-08-20 12:17:27",Failed,600.00
PMT_10,BK_10,US_2851,Wallet,"2025-12-28 13:57:17",Success,300.00
PMT_11,BK_11,US_2505,"Net Banking","2025-12-28 6:16:26",Refunded,500.00
PMT_12,BK_12,US_7550,"Debit Card","2025-07-23 10:01:53",Failed,600.00
PMT_13,BK_13,US_737,"Credit Card","2024-03-22 3:47:29",Success,800.00
PMT_14,BK_14,US_1212,"Credit Card","2025-04-29 17:29:36",Success,800.00
PMT_15,BK_15,US_8432,Wallet,"2024-08-04 4:52:44",Success,300.00
PMT_16,BK_16,US_6809,"Debit Card","2025-01-26 8:35:18",Failed,600.00
PMT_17,BK_17,US_8428,"Credit Card","2024-11-28 11:03:51",Success,800.00
PMT_18,BK_18,US_9226,UPI,"2024-08-03 14:45:46",Success,400.00
PMT_19,BK_19,US_9018,Wallet,"2025-02-22 6:28:14",Success,300.00
PMT_20,BK_20,US_4929,UPI,"2025-11-10 21:33:50",Success,400.00
PMT_21,BK_21,US_6584,UPI,"2025-09-02 14:28:49",Success,400.00
PMT_22,BK_22,US_7920,Wallet,"2024-07-18 6:24:31",Success,300.00
PMT_23,BK_23,US_3765,Wallet,"2024-10-15 17:30:58",Success,300.00
PMT_24,BK_24,US_8324,Wallet,"2024-03-19 0:29:20",Refunded,300.00
PMT_25,BK_25,US_3831,UPI,"2025-11-29 7:02:45",Success,400.00
PMT_26,BK_26,US_2881,"Credit Card","2025-04-23 9:36:57",Success,800.00
PMT_27,BK_27,US_9456,Wallet,"2025-01-08 22:07:25",Refunded,300.00
PMT_28,BK_28,US_5773,UPI,"2025-10-01 6:54:55",Failed,400.00
PMT_29,BK_29,US_1688,Wallet,"2025-05-04 21:36:35",Success,300.00
PMT_30,BK_30,US_138,"Net Banking","2025-02-23 7:19:42",Success,500.00
PMT_31,BK_31,US_6341,"Debit Card","2024-11-02 23:01:30",Refunded,600.00
PMT_32,BK_32,US_9990,"Net Banking","2024-01-15 12:53:18",Success,500.00
PMT_33,BK_33,US_1923,"Net Banking","2025-09-19 18:58:11",Success,500.00
PMT_34,BK_34,US_3871,UPI,"2024-01-13 11:15:49",Success,400.00
PMT_35,BK_35,US_3611,"Credit Card","2024-01-03 19:24:36",Success,800.00
PMT_36,BK_36,US_8242,"Debit Card","2024-06-15 16:46:58",Success,600.00
PMT_37,BK_37,US_4057,"Debit Card","2025-05-03 10:43:40",Success,600.00
PMT_38,BK_38,US_1861,UPI,"2024-04-09 8:11:06",Success,400.00
PMT_39,BK_39,US_6755,UPI,"2024-09-02 1:20:09",Success,400.00
PMT_40,BK_40,US_7394,Wallet,"2024-03-24 7:56:03",Success,300.00
PMT_41,BK_41,US_5592,"Net Banking","2024-01-27 6:10:10",Success,500.00
PMT_42,BK_42,US_5942,Wallet,"2024-03-23 10:34:56",Refunded,300.00
PMT_43,BK_43,US_7748,"Credit Card","2025-07-06 11:31:54",Success,800.00
PMT_44,BK_44,US_950,Wallet,"2024-09-17 0:37:29",Success,300.00
PMT_45,BK_45,US_7217,"Credit Card","2024-04-19 20:16:45",Success,800.00
PMT_46,BK_46,US_6807,"Debit Card","2024-11-04 3:35:48",Success,600.00
PMT_47,BK_47,US_3114,"Credit Card","2024-09-05 21:37:15",Success,800.00
PMT_48,BK_48,US_3767,"Credit Card","2025-10-10 1:10:12",Success,800.00
PMT_49,BK_49,US_462,Wallet,"2025-09-07 17:01:13",Success,300.00
PMT_50,BK_50,US_1483,Wallet,"2024-08-12 1:19:12",Success,300.00
PMT_51,BK_51,US_148,UPI,"2025-12-08 5:53:05",Success,400.00
PMT_52,BK_52,US_5891,"Credit Card","2024-11-13 11:21:09",Success,800.00
PMT_53,BK_53,US_9251,"Credit Card","2025-11-02 19:36:40",Success,800.00
PMT_54,BK_54,US_7727,UPI,"2024-11-02 0:00:46",Refunded,400.00
PMT_55,BK_55,US_3570,"Credit Card","2024-02-01 5:02:38",Failed,800.00
PMT_56,BK_56,US_6170,"Credit Card","2024-04-04 23:07:04",Success,800.00
PMT_57,BK_57,US_6021,"Net Banking","2025-04-07 19:40:11",Success,500.00
PMT_58,BK_58,US_1037,"Net Banking","2025-03-20 20:25:12",Refunded,500.00
PMT_59,BK_59,US_6551,"Net Banking","2025-10-22 2:54:43",Success,500.00
PMT_60,BK_60,US_883,"Debit Card","2025-09-21 14:56:13",Success,600.00
PMT_61,BK_61,US_8894,"Net Banking","2025-12-09 2:26:06",Success,500.00
PMT_62,BK_62,US_2663,Wallet,"2025-10-28 9:36:28",Success,300.00
PMT_63,BK_63,US_8180,"Credit Card","2025-03-19 11:26:55",Success,800.00
PMT_64,BK_64,US_6345,Wallet,"2025-09-06 15:57:49",Failed,300.00
PMT_65,BK_65,US_97,"Net Banking","2025-09-30 12:00:29",Success,500.00
PMT_66,BK_66,US_8992,"Debit Card","2024-04-30 6:21:04",Success,600.00
PMT_67,BK_67,US_9830,"Credit Card","2024-11-09 3:13:56",Success,800.00
PMT_68,BK_68,US_965,UPI,"2024-07-13 5:32:10",Success,400.00
PMT_69,BK_69,US_1397,"Credit Card","2025-12-09 9:27:31",Refunded,800.00
PMT_70,BK_70,US_9456,Wallet,"2024-08-10 22:58:18",Success,300.00
PMT_71,BK_71,US_7126,UPI,"2025-03-05 18:48:00",Refunded,400.00
PMT_72,BK_72,US_3394,"Debit Card","2024-02-07 10:35:25",Success,600.00
PMT_73,BK_73,US_3368,Wallet,"2025-03-15 21:31:02",Success,300.00
PMT_74,BK_74,US_5784,"Debit Card","2024-01-13 3:45:45",Success,600.00
PMT_75,BK_75,US_487,Wallet,"2024-03-02 19:42:36",Success,300.00
PMT_76,BK_76,US_1039,"Credit Card","2024-07-23 6:41:04",Success,800.00
PMT_77,BK_77,US_5133,"Debit Card","2024-05-05 12:19:32",Success,600.00
PMT_78,BK_78,US_5003,"Net Banking","2024-11-12 11:54:19",Success,500.00
PMT_79,BK_79,US_7869,"Credit Card","2025-11-22 10:49:55",Failed,800.00
PMT_80,BK_80,US_279,"Debit Card","2025-10-13 22:52:00",Failed,600.00
PMT_81,BK_81,US_8287,UPI,"2024-08-24 9:28:32",Success,400.00
PMT_82,BK_82,US_9512,"Debit Card","2025-05-02 13:32:56",Success,600.00
PMT_83,BK_83,US_693,Wallet,"2025-02-08 4:56:55",Success,300.00
PMT_84,BK_84,US_4554,"Debit Card","2024-04-17 16:37:21",Success,600.00
PMT_85,BK_85,US_7110,Wallet,"2025-11-18 9:09:56",Success,300.00
PMT_86,BK_86,US_6237,"Net Banking","2025-05-13 4:01:25",Success,500.00
PMT_87,BK_87,US_2338,UPI,"2025-02-06 23:34:24",Failed,400.00
PMT_88,BK_88,US_2694,Wallet,"2024-10-02 16:48:09",Refunded,300.00
PMT_89,BK_89,US_1452,UPI,"2025-05-07 12:22:54",Success,400.00
PMT_90,BK_90,US_2992,Wallet,"2024-09-25 23:17:39",Success,300.00
PMT_91,BK_91,US_8220,"Net Banking","2025-02-27 4:17:02",Refunded,500.00
PMT_92,BK_92,US_2863,"Credit Card","2024-04-23 13:21:35",Success,800.00
PMT_93,BK_93,US_6642,UPI,"2025-08-13 20:48:02",Failed,400.00
PMT_94,BK_94,US_84,UPI,"2025-02-24 22:48:29",Success,400.00
PMT_95,BK_95,US_6447,UPI,"2025-03-09 12:09:29",Success,400.00
PMT_96,BK_96,US_3943,"Debit Card","2024-12-10 22:28:48",Success,600.00
PMT_97,BK_97,US_7144,"Net Banking","2025-01-17 3:18:34",Success,500.00
PMT_98,BK_98,US_8140,Wallet,"2025-09-12 6:27:05",Success,300.00
PMT_99,BK_99,US_3859,"Credit Card","2024-03-21 2:16:05",Failed,800.00
PMT_100,BK_100,US_8701,"Credit Card","2025-12-20 15:05:03",Success,800.00
PMT_101,BK_101,US_7789,UPI,"2024-09-15 21:10:12",Success,400.00
PMT_102,BK_102,US_5574,"Debit Card","2025-03-07 0:30:13",Failed,600.00
PMT_103,BK_103,US_2121,Wallet,"2024-11-01 7:14:55",Success,300.00
PMT_104,BK_104,US_4851,UPI,"2024-04-10 4:55:15",Success,400.00
PMT_105,BK_105,US_3842,UPI,"2025-10-23 0:01:47",Success,400.00
PMT_106,BK_106,US_6278,"Net Banking","2024-01-15 14:01:50",Success,500.00
PMT_107,BK_107,US_2937,"Debit Card","2025-06-17 10:05:09",Success,600.00
PMT_108,BK_108,US_3313,"Debit Card","2024-03-07 13:07:24",Success,600.00
PMT_109,BK_109,US_3553,Wallet,"2025-04-01 18:28:30",Refunded,300.00
PMT_110,BK_110,US_2302,"Credit Card","2024-07-26 16:24:21",Success,800.00
PMT_111,BK_111,US_4040,"Debit Card","2025-01-11 5:14:25",Success,600.00
PMT_112,BK_112,US_6184,"Credit Card","2025-05-05 14:38:37",Success,800.00
PMT_113,BK_113,US_7758,"Net Banking","2025-01-29 1:23:02",Failed,500.00
PMT_114,BK_114,US_2880,UPI,"2024-10-30 2:44:04",Success,400.00
PMT_115,BK_115,US_5904,Wallet,"2025-11-07 12:30:35",Success,300.00
PMT_116,BK_116,US_5925,"Net Banking","2025-09-20 4:32:07",Success,500.00
PMT_117,BK_117,US_9781,"Debit Card","2025-10-22 14:22:03",Success,600.00
PMT_118,BK_118,US_7565,"Net Banking","2024-10-07 23:22:48",Success,500.00
PMT_119,BK_119,US_7766,Wallet,"2025-01-16 4:23:51",Success,300.00
PMT_120,BK_120,US_6637,UPI,"2025-11-06 7:55:51",Success,400.00
PMT_121,BK_121,US_8503,"Net Banking","2025-04-11 4:15:38",Success,500.00
PMT_122,BK_122,US_7734,UPI,"2024-04-23 19:39:42",Refunded,400.00
PMT_123,BK_123,US_882,Wallet,"2024-06-12 2:45:29",Failed,300.00
PMT_124,BK_124,US_8889,"Debit Card","2025-07-22 16:51:42",Success,600.00
PMT_125,BK_125,US_6364,"Debit Card","2025-11-20 1:03:21",Success,600.00
PMT_126,BK_126,US_2720,"Credit Card","2024-11-07 17:50:00",Success,800.00
PMT_127,BK_127,US_5405,"Credit Card","2024-06-18 19:58:48",Success,800.00
PMT_128,BK_128,US_2070,"Credit Card","2025-10-20 16:53:25",Success,800.00
PMT_129,BK_129,US_4863,"Debit Card","2025-08-21 18:56:37",Success,600.00
PMT_130,BK_130,US_3079,"Debit Card","2024-09-22 5:02:42",Success,600.00
PMT_131,BK_131,US_3779,Wallet,"2025-10-02 10:49:23",Success,300.00
PMT_132,BK_132,US_7436,Wallet,"2024-07-07 21:41:40",Refunded,300.00
PMT_133,BK_133,US_9398,"Credit Card","2025-10-20 2:28:40",Success,800.00
PMT_134,BK_134,US_9701,"Debit Card","2025-03-25 10:17:28",Failed,600.00
PMT_135,BK_135,US_8596,"Credit Card","2025-05-04 16:29:09",Success,800.00
PMT_136,BK_136,US_4854,UPI,"2025-08-08 5:45:14",Success,400.00
PMT_137,BK_137,US_1769,"Debit Card","2024-07-14 0:13:33",Failed,600.00
PMT_138,BK_138,US_7532,"Credit Card","2024-12-10 21:40:28",Failed,800.00
PMT_139,BK_139,US_4950,Wallet,"2025-08-11 23:58:41",Refunded,300.00
PMT_140,BK_140,US_2978,UPI,"2025-12-18 6:11:53",Success,400.00
PMT_141,BK_141,US_8241,"Credit Card","2025-01-11 16:21:22",Success,800.00
PMT_142,BK_142,US_6052,"Net Banking","2025-07-19 15:18:06",Success,500.00
PMT_143,BK_143,US_3252,UPI,"2025-02-13 8:59:38",Failed,400.00
PMT_144,BK_144,US_3256,"Net Banking","2025-05-24 14:43:40",Success,500.00
PMT_145,BK_145,US_8136,"Debit Card","2024-09-07 12:00:42",Success,600.00
PMT_146,BK_146,US_3599,Wallet,"2024-12-09 12:14:22",Success,300.00
PMT_147,BK_147,US_4850,UPI,"2025-08-23 23:53:55",Success,400.00
PMT_148,BK_148,US_9605,Wallet,"2025-03-27 7:54:46",Success,300.00
PMT_149,BK_149,US_9716,"Debit Card","2024-02-09 14:26:08",Success,600.00
PMT_150,BK_150,US_1161,"Debit Card","2025-04-20 4:10:38",Success,600.00
PMT_151,BK_151,US_8518,"Debit Card","2024-04-20 5:20:19",Failed,600.00
PMT_152,BK_152,US_2825,"Net Banking","2024-09-04 21:14:46",Success,500.00
PMT_153,BK_153,US_6214,Wallet,"2024-10-25 16:43:15",Success,300.00
PMT_154,BK_154,US_7386,Wallet,"2024-04-12 3:15:16",Success,300.00
PMT_155,BK_155,US_1208,"Debit Card","2024-08-25 21:20:37",Refunded,600.00
PMT_156,BK_156,US_9461,Wallet,"2025-07-10 23:38:56",Success,300.00
PMT_157,BK_157,US_9640,"Net Banking","2024-04-07 7:00:21",Success,500.00
PMT_158,BK_158,US_1012,"Debit Card","2024-10-24 21:14:10",Success,600.00
PMT_159,BK_159,US_3874,UPI,"2025-10-11 14:05:46",Failed,400.00
PMT_160,BK_160,US_6759,"Net Banking","2025-10-25 18:47:03",Success,500.00
PMT_161,BK_161,US_4481,"Credit Card","2025-04-01 15:26:33",Success,800.00
PMT_162,BK_162,US_2664,UPI,"2024-11-04 6:32:43",Success,400.00
PMT_163,BK_163,US_6425,UPI,"2025-02-19 9:02:31",Success,400.00
PMT_164,BK_164,US_4653,Wallet,"2025-02-25 15:18:20",Success,300.00
PMT_165,BK_165,US_2132,"Credit Card","2024-11-26 20:53:01",Failed,800.00
PMT_166,BK_166,US_3391,"Credit Card","2025-10-29 0:12:58",Success,800.00
PMT_167,BK_167,US_7287,"Credit Card","2025-10-10 8:00:35",Success,800.00
PMT_168,BK_168,US_9789,"Debit Card","2025-05-08 20:41:44",Success,600.00
PMT_169,BK_169,US_9114,"Net Banking","2024-01-22 0:10:59",Success,500.00
PMT_170,BK_170,US_4114,"Debit Card","2024-09-29 13:48:05",Success,600.00
PMT_171,BK_171,US_3658,"Credit Card","2025-07-11 6:16:23",Success,800.00
PMT_172,BK_172,US_649,Wallet,"2024-11-08 9:43:36",Success,300.00
PMT_173,BK_173,US_4328,Wallet,"2024-07-29 6:45:34",Refunded,300.00
PMT_174,BK_174,US_6475,UPI,"2024-08-25 9:27:33",Success,400.00
PMT_175,BK_175,US_7658,Wallet,"2024-03-08 21:06:54",Success,300.00
PMT_176,BK_176,US_1541,Wallet,"2025-09-05 2:48:18",Success,300.00
PMT_177,BK_177,US_2353,Wallet,"2024-05-05 3:12:20",Success,300.00
PMT_178,BK_178,US_674,"Credit Card","2024-05-08 0:14:58",Success,800.00
PMT_179,BK_179,US_8127,"Net Banking","2024-02-16 0:28:12",Success,500.00
PMT_180,BK_180,US_6563,"Debit Card","2024-05-07 3:09:20",Success,600.00
PMT_181,BK_181,US_6059,UPI,"2024-02-06 11:52:43",Success,400.00
PMT_182,BK_182,US_2970,UPI,"2024-09-09 17:46:42",Success,400.00
PMT_183,BK_183,US_314,"Net Banking","2025-01-15 18:51:21",Success,500.00
PMT_184,BK_184,US_5073,"Net Banking","2024-02-16 5:08:49",Success,500.00
PMT_185,BK_185,US_3813,Wallet,"2025-08-31 17:12:38",Success,300.00
PMT_186,BK_186,US_3220,Wallet,"2025-05-27 2:12:58",Success,300.00
PMT_187,BK_187,US_3910,"Debit Card","2024-01-15 13:35:01",Success,600.00
PMT_188,BK_188,US_3536,UPI,"2024-09-12 17:41:07",Refunded,400.00
PMT_189,BK_189,US_5092,"Credit Card","2025-05-27 17:16:58",Success,800.00
PMT_190,BK_190,US_3761,Wallet,"2025-04-21 1:11:34",Failed,300.00
PMT_191,BK_191,US_2128,UPI,"2025-10-28 0:18:46",Success,400.00
PMT_192,BK_192,US_1898,UPI,"2025-11-06 1:46:42",Success,400.00
PMT_193,BK_193,US_1113,"Net Banking","2024-11-09 9:16:01",Success,500.00
PMT_194,BK_194,US_9983,UPI,"2025-08-17 3:03:57",Failed,400.00
PMT_195,BK_195,US_3334,"Credit Card","2025-09-01 20:22:15",Failed,800.00
PMT_196,BK_196,US_6548,UPI,"2025-03-14 16:18:28",Failed,400.00
PMT_197,BK_197,US_4890,"Debit Card","2024-09-30 17:28:52",Success,600.00
PMT_198,BK_198,US_9572,"Debit Card","2025-03-29 6:40:33",Success,600.00
PMT_199,BK_199,US_7868,"Debit Card","2024-09-15 12:32:44",Failed,600.00
PMT_200,BK_200,US_7554,Wallet,"2024-07-26 4:06:03",Success,300.00
PMT_201,BK_201,US_311,UPI,"2025-12-17 19:57:02",Success,400.00
PMT_202,BK_202,US_8882,UPI,"2024-10-12 15:24:23",Success,400.00
PMT_203,BK_203,US_1566,"Credit Card","2024-01-25 6:59:27",Success,800.00
PMT_204,BK_204,US_4208,UPI,"2025-08-14 0:08:16",Failed,400.00
PMT_205,BK_205,US_9924,Wallet,"2024-05-23 4:20:54",Success,300.00
PMT_206,BK_206,US_735,Wallet,"2024-05-03 7:17:31",Success,300.00
PMT_207,BK_207,US_962,"Credit Card","2025-04-08 20:37:15",Failed,800.00
PMT_208,BK_208,US_9006,"Net Banking","2024-12-31 13:12:52",Refunded,500.00
PMT_209,BK_209,US_2980,"Credit Card","2025-06-01 13:33:17",Success,800.00
PMT_210,BK_210,US_7459,"Credit Card","2025-09-15 4:31:53",Success,800.00
PMT_211,BK_211,US_7707,"Debit Card","2024-01-18 3:53:16",Success,600.00
PMT_212,BK_212,US_404,UPI,"2025-09-07 4:41:17",Success,400.00
PMT_213,BK_213,US_1800,"Credit Card","2024-10-02 18:06:07",Success,800.00
PMT_214,BK_214,US_1161,"Net Banking","2024-08-20 0:52:39",Success,500.00
PMT_215,BK_215,US_2943,Wallet,"2025-05-22 19:10:49",Success,300.00
PMT_216,BK_216,US_9389,"Debit Card","2024-10-24 19:33:22",Success,600.00
PMT_217,BK_217,US_287,"Net Banking","2024-01-02 16:46:15",Success,500.00
PMT_218,BK_218,US_8025,UPI,"2025-04-08 14:28:56",Success,400.00
PMT_219,BK_219,US_4876,UPI,"2025-09-29 7:17:52",Success,400.00
PMT_220,BK_220,US_3569,"Debit Card","2025-03-29 3:10:18",Success,600.00
PMT_221,BK_221,US_5449,"Credit Card","2024-10-29 10:19:36",Success,800.00
PMT_222,BK_222,US_505,"Debit Card","2025-02-01 22:49:04",Failed,600.00
PMT_223,BK_223,US_3657,"Net Banking","2025-09-26 10:16:47",Success,500.00
PMT_224,BK_224,US_233,"Debit Card","2024-08-31 5:10:49",Success,600.00
PMT_225,BK_225,US_1862,"Net Banking","2024-02-25 12:05:39",Failed,500.00
PMT_226,BK_226,US_196,"Debit Card","2024-07-29 9:27:59",Success,600.00
PMT_227,BK_227,US_5210,"Debit Card","2024-03-17 10:58:52",Success,600.00
PMT_228,BK_228,US_9357,"Net Banking","2025-01-16 1:38:13",Success,500.00
PMT_229,BK_229,US_146,"Debit Card","2025-02-25 13:37:25",Success,600.00
PMT_230,BK_230,US_986,"Net Banking","2024-02-02 1:15:51",Success,500.00
PMT_231,BK_231,US_8763,UPI,"2024-11-06 13:43:17",Refunded,400.00
PMT_232,BK_232,US_8143,"Net Banking","2025-09-04 14:25:54",Success,500.00
PMT_233,BK_233,US_9311,"Debit Card","2024-02-03 5:23:41",Failed,600.00
PMT_234,BK_234,US_3273,"Debit Card","2025-06-30 5:58:53",Success,600.00
PMT_235,BK_235,US_160,"Debit Card","2024-07-30 1:30:43",Success,600.00
PMT_236,BK_236,US_3889,"Debit Card","2024-04-02 18:08:38",Success,600.00
PMT_237,BK_237,US_9000,"Credit Card","2025-06-16 18:25:45",Success,800.00
PMT_238,BK_238,US_7940,"Debit Card","2024-03-08 23:57:33",Success,600.00
PMT_239,BK_239,US_7586,UPI,"2025-08-19 18:48:59",Success,400.00
PMT_240,BK_240,US_1979,Wallet,"2025-09-25 5:56:10",Success,300.00
PMT_241,BK_241,US_7350,"Net Banking","2024-09-02 4:15:27",Success,500.00
PMT_242,BK_242,US_5486,UPI,"2024-07-24 18:28:21",Success,400.00
PMT_243,BK_243,US_2095,"Credit Card","2024-11-22 0:02:22",Success,800.00
PMT_244,BK_244,US_1799,"Credit Card","2024-07-31 22:24:26",Success,800.00
PMT_245,BK_245,US_8953,"Credit Card","2024-02-03 13:51:20",Success,800.00
PMT_246,BK_246,US_6282,UPI,"2024-09-25 11:12:23",Success,400.00
PMT_247,BK_247,US_301,UPI,"2025-02-21 20:33:10",Success,400.00
PMT_248,BK_248,US_4178,Wallet,"2024-05-01 3:20:03",Success,300.00
PMT_249,BK_249,US_1590,Wallet,"2024-10-27 19:03:02",Success,300.00
PMT_250,BK_250,US_3937,Wallet,"2024-11-26 14:50:35",Success,300.00
PMT_251,BK_251,US_8739,"Debit Card","2025-08-26 1:10:52",Success,600.00
PMT_252,BK_252,US_9333,UPI,"2024-03-03 22:34:17",Success,400.00
PMT_253,BK_253,US_4526,Wallet,"2024-01-23 4:08:12",Refunded,300.00
PMT_254,BK_254,US_673,UPI,"2024-07-08 22:03:02",Success,400.00
PMT_255,BK_255,US_8889,"Net Banking","2025-06-06 9:07:00",Success,500.00
PMT_256,BK_256,US_2938,"Credit Card","2025-08-16 18:42:46",Success,800.00
PMT_257,BK_257,US_6195,Wallet,"2025-09-21 16:24:45",Success,300.00
PMT_258,BK_258,US_3061,"Net Banking","2025-01-13 19:39:32",Success,500.00
PMT_259,BK_259,US_2284,"Debit Card","2025-06-27 3:28:12",Success,600.00
PMT_260,BK_260,US_1357,"Debit Card","2025-01-07 23:18:04",Refunded,600.00
PMT_261,BK_261,US_6212,Wallet,"2025-01-30 15:31:34",Success,300.00
PMT_262,BK_262,US_9088,"Net Banking","2024-02-13 13:38:47",Success,500.00
PMT_263,BK_263,US_3706,Wallet,"2025-09-13 18:15:50",Success,300.00
PMT_264,BK_264,US_9634,"Net Banking","2025-07-01 1:12:34",Success,500.00
PMT_265,BK_265,US_2582,"Net Banking","2024-02-18 5:11:37",Success,500.00
PMT_266,BK_266,US_190,UPI,"2024-10-08 18:27:04",Success,400.00
PMT_267,BK_267,US_1423,"Net Banking","2024-08-18 18:22:57",Success,500.00
PMT_268,BK_268,US_8738,UPI,"2025-01-26 10:39:36",Success,400.00
PMT_269,BK_269,US_7567,UPI,"2025-04-18 3:51:41",Refunded,400.00
PMT_270,BK_270,US_5823,"Credit Card","2025-01-01 20:18:09",Refunded,800.00
PMT_271,BK_271,US_2219,"Credit Card","2024-07-16 13:13:05",Success,800.00
PMT_272,BK_272,US_204,"Debit Card","2024-12-14 17:26:46",Success,600.00
PMT_273,BK_273,US_2414,Wallet,"2025-06-23 2:09:28",Success,300.00
PMT_274,BK_274,US_3662,UPI,"2024-12-15 12:52:57",Success,400.00
PMT_275,BK_275,US_5959,Wallet,"2024-03-28 14:36:11",Success,300.00
PMT_276,BK_276,US_9401,UPI,"2024-11-21 22:25:44",Success,400.00
PMT_277,BK_277,US_5424,"Net Banking","2025-01-16 9:07:42",Success,500.00
PMT_278,BK_278,US_5766,"Credit Card","2024-06-25 10:35:35",Success,800.00
PMT_279,BK_279,US_2150,Wallet,"2024-08-28 4:29:27",Success,300.00
PMT_280,BK_280,US_8822,"Debit Card","2025-10-08 17:32:42",Success,600.00
PMT_281,BK_281,US_2800,"Debit Card","2025-10-28 12:31:06",Success,600.00
PMT_282,BK_282,US_5975,Wallet,"2025-03-03 15:00:47",Success,300.00
PMT_283,BK_283,US_8980,"Net Banking","2025-05-03 18:02:49",Success,500.00
PMT_284,BK_284,US_3364,Wallet,"2024-12-29 16:32:34",Success,300.00
PMT_285,BK_285,US_2310,"Credit Card","2024-07-31 21:51:46",Success,800.00
PMT_286,BK_286,US_7841,UPI,"2024-06-29 12:33:04",Success,400.00
PMT_287,BK_287,US_2624,Wallet,"2025-11-15 1:13:28",Success,300.00
PMT_288,BK_288,US_3585,"Net Banking","2025-06-03 11:27:35",Success,500.00
PMT_289,BK_289,US_333,"Net Banking","2025-11-06 4:51:30",Refunded,500.00
PMT_290,BK_290,US_3031,"Debit Card","2024-07-06 12:12:32",Success,600.00
PMT_291,BK_291,US_7244,"Net Banking","2024-04-25 10:21:17",Failed,500.00
PMT_292,BK_292,US_8736,UPI,"2024-04-09 18:33:50",Failed,400.00
PMT_293,BK_293,US_2278,Wallet,"2025-04-04 23:11:02",Success,300.00
PMT_294,BK_294,US_2139,"Net Banking","2025-03-29 18:31:06",Success,500.00
PMT_295,BK_295,US_6234,UPI,"2024-02-05 2:57:36",Success,400.00
PMT_296,BK_296,US_350,UPI,"2025-01-07 7:21:44",Success,400.00
PMT_297,BK_297,US_9963,"Credit Card","2025-11-11 22:00:10",Success,800.00
PMT_298,BK_298,US_9220,"Credit Card","2025-07-02 19:48:51",Success,800.00
PMT_299,BK_299,US_2587,"Net Banking","2025-10-05 9:07:16",Success,500.00
PMT_300,BK_300,US_9316,Wallet,"2025-11-03 0:26:49",Failed,300.00
PMT_301,BK_301,US_435,"Credit Card","2025-01-10 16:32:46",Success,800.00
PMT_302,BK_302,US_8917,Wallet,"2025-03-16 9:59:51",Success,300.00
PMT_303,BK_303,US_3027,"Net Banking","2024-08-12 9:00:45",Success,500.00
PMT_304,BK_304,US_1571,"Debit Card","2024-05-05 13:14:12",Success,600.00
PMT_305,BK_305,US_1168,"Debit Card","2025-04-29 14:55:52",Success,600.00
PMT_306,BK_306,US_9278,"Net Banking","2024-02-29 13:42:41",Success,500.00
PMT_307,BK_307,US_5585,"Credit Card","2025-04-01 18:41:36",Success,800.00
PMT_308,BK_308,US_2403,UPI,"2024-12-07 21:01:40",Success,400.00
PMT_309,BK_309,US_6876,Wallet,"2025-03-09 20:43:48",Failed,300.00
PMT_310,BK_310,US_9677,"Debit Card","2025-03-07 14:04:16",Success,600.00
PMT_311,BK_311,US_9994,UPI,"2025-07-29 7:49:37",Success,400.00
PMT_312,BK_312,US_8564,Wallet,"2024-11-08 15:07:13",Success,300.00
PMT_313,BK_313,US_107,Wallet,"2024-09-09 8:45:02",Success,300.00
PMT_314,BK_314,US_5638,UPI,"2025-11-30 2:42:07",Refunded,400.00
PMT_315,BK_315,US_8932,"Credit Card","2024-08-08 13:20:16",Success,800.00
PMT_316,BK_316,US_4761,"Credit Card","2025-11-17 6:55:46",Success,800.00
PMT_317,BK_317,US_5856,"Debit Card","2024-08-23 19:03:29",Refunded,600.00
PMT_318,BK_318,US_1458,Wallet,"2024-01-05 11:21:30",Success,300.00
PMT_319,BK_319,US_1785,"Credit Card","2024-10-28 6:41:08",Success,800.00
PMT_320,BK_320,US_2881,"Net Banking","2025-06-05 16:25:02",Success,500.00
PMT_321,BK_321,US_1637,"Net Banking","2024-12-30 14:51:48",Success,500.00
PMT_322,BK_322,US_807,Wallet,"2025-12-25 21:21:59",Success,300.00
PMT_323,BK_323,US_7454,"Net Banking","2025-04-10 4:20:14",Success,500.00
PMT_324,BK_324,US_4772,"Debit Card","2025-04-19 0:31:12",Success,600.00
PMT_325,BK_325,US_1724,"Credit Card","2025-05-11 7:32:29",Success,800.00
PMT_326,BK_326,US_5523,"Credit Card","2025-09-28 12:57:51",Success,800.00
PMT_327,BK_327,US_8911,Wallet,"2024-05-30 17:22:52",Success,300.00
PMT_328,BK_328,US_1137,UPI,"2025-11-08 17:07:06",Success,400.00
PMT_329,BK_329,US_5321,UPI,"2025-11-15 23:56:06",Success,400.00
PMT_330,BK_330,US_7494,Wallet,"2024-11-05 7:06:00",Success,300.00
PMT_331,BK_331,US_3269,"Credit Card","2024-01-19 7:13:35",Success,800.00
PMT_332,BK_332,US_6645,"Net Banking","2025-12-02 17:09:41",Success,500.00
PMT_333,BK_333,US_8898,Wallet,"2024-10-28 3:57:41",Success,300.00
PMT_334,BK_334,US_6552,"Debit Card","2025-01-05 5:14:52",Success,600.00
PMT_335,BK_335,US_2832,"Net Banking","2025-07-19 9:30:13",Success,500.00
PMT_336,BK_336,US_7702,"Credit Card","2024-11-30 3:24:20",Success,800.00
PMT_337,BK_337,US_1620,UPI,"2025-05-23 17:41:22",Success,400.00
PMT_338,BK_338,US_5361,"Debit Card","2025-09-29 4:18:16",Refunded,600.00
PMT_339,BK_339,US_7652,"Debit Card","2025-12-12 6:41:22",Success,600.00
PMT_340,BK_340,US_2036,UPI,"2025-01-04 0:03:55",Success,400.00
PMT_341,BK_341,US_6932,Wallet,"2025-12-27 3:58:11",Success,300.00
PMT_342,BK_342,US_4425,"Net Banking","2024-08-12 0:34:24",Success,500.00
PMT_343,BK_343,US_712,"Net Banking","2024-12-04 3:36:31",Success,500.00
PMT_344,BK_344,US_4713,"Credit Card","2025-02-18 8:08:54",Success,800.00
PMT_345,BK_345,US_6388,Wallet,"2025-03-01 11:10:32",Success,300.00
PMT_346,BK_346,US_9692,"Debit Card","2024-03-21 2:11:30",Success,600.00
PMT_347,BK_347,US_9505,"Debit Card","2024-06-25 4:01:06",Refunded,600.00
PMT_348,BK_348,US_5814,"Credit Card","2024-07-29 7:02:56",Success,800.00
PMT_349,BK_349,US_8992,Wallet,"2024-03-12 4:17:06",Success,300.00
PMT_350,BK_350,US_8088,"Credit Card","2025-09-24 7:20:13",Success,800.00
PMT_351,BK_351,US_2548,UPI,"2025-04-26 4:29:08",Success,400.00
PMT_352,BK_352,US_2162,"Credit Card","2025-05-06 18:15:21",Success,800.00
PMT_353,BK_353,US_2583,"Debit Card","2024-02-20 20:17:26",Success,600.00
PMT_354,BK_354,US_1777,UPI,"2025-06-06 1:57:34",Success,400.00
PMT_355,BK_355,US_4285,"Credit Card","2025-07-09 0:33:13",Success,800.00
PMT_356,BK_356,US_1612,"Net Banking","2024-10-31 14:58:30",Success,500.00
PMT_357,BK_357,US_943,"Net Banking","2025-02-13 1:56:13",Success,500.00
PMT_358,BK_358,US_8598,"Debit Card","2024-03-17 23:09:46",Success,600.00
PMT_359,BK_359,US_4562,"Credit Card","2024-11-03 3:38:35",Refunded,800.00
PMT_360,BK_360,US_41,Wallet,"2025-10-15 19:23:42",Success,300.00
PMT_361,BK_361,US_4852,"Net Banking","2024-11-22 0:04:51",Success,500.00
PMT_362,BK_362,US_8432,"Debit Card","2025-01-29 20:31:36",Success,600.00
PMT_363,BK_363,US_5334,Wallet,"2025-11-02 10:14:48",Success,300.00
PMT_364,BK_364,US_8528,UPI,"2024-11-22 0:12:39",Success,400.00
PMT_365,BK_365,US_2711,Wallet,"2025-07-05 0:28:56",Success,300.00
PMT_366,BK_366,US_6314,UPI,"2024-06-02 4:17:36",Success,400.00
PMT_367,BK_367,US_3455,"Debit Card","2024-07-28 21:32:35",Failed,600.00
PMT_368,BK_368,US_3789,UPI,"2025-02-13 10:40:30",Success,400.00
PMT_369,BK_369,US_3410,Wallet,"2024-03-12 9:23:55",Success,300.00
PMT_370,BK_370,US_9600,"Credit Card","2025-12-25 13:17:20",Success,800.00
PMT_371,BK_371,US_4081,UPI,"2025-04-08 14:46:34",Refunded,400.00
PMT_372,BK_372,US_1036,Wallet,"2024-02-19 10:41:14",Success,300.00
PMT_373,BK_373,US_3442,UPI,"2025-05-25 6:27:13",Success,400.00
PMT_374,BK_374,US_4056,"Net Banking","2024-11-20 16:19:30",Success,500.00
PMT_375,BK_375,US_9056,"Credit Card","2025-01-28 3:33:54",Success,800.00
PMT_376,BK_376,US_5786,UPI,"2025-07-21 4:13:07",Success,400.00
PMT_377,BK_377,US_9408,UPI,"2025-09-18 4:24:31",Failed,400.00
PMT_378,BK_378,US_9271,"Debit Card","2024-10-20 9:05:32",Success,600.00
PMT_379,BK_379,US_784,UPI,"2025-10-07 3:25:50",Success,400.00
PMT_380,BK_380,US_517,Wallet,"2025-03-04 15:13:45",Failed,300.00
PMT_381,BK_381,US_9660,UPI,"2025-09-28 11:08:50",Success,400.00
PMT_382,BK_382,US_5900,"Net Banking","2025-03-07 13:23:46",Success,500.00
PMT_383,BK_383,US_1632,UPI,"2024-01-17 1:25:07",Success,400.00
PMT_384,BK_384,US_8627,"Net Banking","2024-12-14 20:30:29",Success,500.00
PMT_385,BK_385,US_6275,"Net Banking","2024-04-21 0:18:54",Success,500.00
PMT_386,BK_386,US_4858,UPI,"2025-07-14 2:26:47",Success,400.00
PMT_387,BK_387,US_1169,"Debit Card","2025-06-19 13:44:42",Success,600.00
PMT_388,BK_388,US_4101,"Debit Card","2024-07-08 8:18:51",Success,600.00
PMT_389,BK_389,US_9858,"Credit Card","2025-08-18 15:35:30",Success,800.00
PMT_390,BK_390,US_9154,Wallet,"2025-01-02 19:12:25",Success,300.00
PMT_391,BK_391,US_196,"Credit Card","2025-11-14 11:20:36",Success,800.00
PMT_392,BK_392,US_5673,"Net Banking","2025-11-24 8:12:26",Success,500.00
PMT_393,BK_393,US_3291,"Credit Card","2025-06-11 9:19:03",Success,800.00
PMT_394,BK_394,US_5385,"Debit Card","2024-10-19 22:51:47",Success,600.00
PMT_395,BK_395,US_1036,Wallet,"2025-01-26 13:04:33",Success,300.00
PMT_396,BK_396,US_2298,UPI,"2025-11-08 8:07:48",Success,400.00
PMT_397,BK_397,US_124,"Net Banking","2025-06-28 12:08:38",Success,500.00
PMT_398,BK_398,US_8500,UPI,"2024-05-17 2:52:12",Success,400.00
PMT_399,BK_399,US_8585,"Credit Card","2024-01-13 15:51:29",Success,800.00
PMT_400,BK_400,US_3100,"Net Banking","2024-11-01 22:50:06",Success,500.00
PMT_401,BK_401,US_9308,Wallet,"2024-07-29 20:00:05",Success,300.00
PMT_402,BK_402,US_1935,"Credit Card","2024-02-25 1:05:52",Success,800.00
PMT_403,BK_403,US_8926,Wallet,"2025-01-26 5:32:44",Success,300.00
PMT_404,BK_404,US_3788,UPI,"2025-09-08 6:42:05",Success,400.00
PMT_405,BK_405,US_497,"Net Banking","2024-03-06 6:16:39",Success,500.00
PMT_406,BK_406,US_3894,Wallet,"2024-01-01 19:42:19",Failed,300.00
PMT_407,BK_407,US_6341,"Debit Card","2024-09-24 12:08:11",Success,600.00
PMT_408,BK_408,US_8001,"Net Banking","2025-08-02 4:53:07",Failed,500.00
PMT_409,BK_409,US_1246,UPI,"2025-04-20 18:27:05",Success,400.00
PMT_410,BK_410,US_3055,"Credit Card","2024-01-16 12:30:33",Success,800.00
PMT_411,BK_411,US_2689,"Credit Card","2025-04-20 18:04:12",Success,800.00
PMT_412,BK_412,US_9722,"Credit Card","2024-04-10 8:53:43",Success,800.00
PMT_413,BK_413,US_5743,UPI,"2025-01-30 4:58:56",Success,400.00
PMT_414,BK_414,US_3003,"Debit Card","2024-05-07 22:17:06",Success,600.00
PMT_415,BK_415,US_9426,"Debit Card","2025-08-24 2:36:22",Success,600.00
PMT_416,BK_416,US_450,"Debit Card","2024-03-18 9:10:50",Refunded,600.00
PMT_417,BK_417,US_5371,Wallet,"2024-06-21 7:04:06",Success,300.00
PMT_418,BK_418,US_6458,Wallet,"2025-10-02 13:09:42",Success,300.00
PMT_419,BK_419,US_2127,Wallet,"2024-01-11 0:44:41",Failed,300.00
PMT_420,BK_420,US_3270,"Net Banking","2024-03-28 11:37:25",Success,500.00
PMT_421,BK_421,US_7135,Wallet,"2025-10-21 3:14:40",Success,300.00
PMT_422,BK_422,US_7535,"Credit Card","2025-10-02 22:42:31",Success,800.00
PMT_423,BK_423,US_9740,Wallet,"2024-04-13 19:04:03",Success,300.00
PMT_424,BK_424,US_8935,"Credit Card","2024-06-01 3:53:45",Success,800.00
PMT_425,BK_425,US_7380,UPI,"2025-09-26 20:59:29",Success,400.00
PMT_426,BK_426,US_7735,Wallet,"2024-06-28 14:58:13",Refunded,300.00
PMT_427,BK_427,US_1848,"Debit Card","2024-11-16 14:20:37",Success,600.00
PMT_428,BK_428,US_288,Wallet,"2024-10-06 22:43:47",Success,300.00
PMT_429,BK_429,US_7502,"Debit Card","2025-09-10 18:40:42",Success,600.00
PMT_430,BK_430,US_2917,Wallet,"2025-08-04 21:14:48",Failed,300.00
PMT_431,BK_431,US_9426,"Net Banking","2024-06-15 17:15:08",Success,500.00
PMT_432,BK_432,US_9823,Wallet,"2025-10-01 0:29:22",Success,300.00
PMT_433,BK_433,US_7635,"Net Banking","2024-03-18 7:07:08",Success,500.00
PMT_434,BK_434,US_8126,"Net Banking","2024-06-08 15:45:52",Success,500.00
PMT_435,BK_435,US_7548,"Credit Card","2024-09-16 9:29:59",Success,800.00
PMT_436,BK_436,US_532,"Debit Card","2024-06-30 8:12:50",Success,600.00
PMT_437,BK_437,US_9674,"Debit Card","2024-11-21 11:45:39",Success,600.00
PMT_438,BK_438,US_8101,"Credit Card","2024-03-16 8:09:10",Success,800.00
PMT_439,BK_439,US_8549,"Net Banking","2024-11-28 23:32:49",Success,500.00
PMT_440,BK_440,US_2079,"Net Banking","2024-07-18 2:37:01",Success,500.00
PMT_441,BK_441,US_1481,UPI,"2025-10-17 3:52:16",Success,400.00
PMT_442,BK_442,US_7697,Wallet,"2024-02-06 7:40:59",Refunded,300.00
PMT_443,BK_443,US_117,UPI,"2025-03-17 20:10:31",Success,400.00
PMT_444,BK_444,US_7651,UPI,"2025-02-24 15:24:28",Success,400.00
PMT_445,BK_445,US_871,"Debit Card","2024-07-12 3:52:54",Failed,600.00
PMT_446,BK_446,US_8200,"Credit Card","2025-04-07 5:11:56",Success,800.00
PMT_447,BK_447,US_2818,Wallet,"2024-12-06 16:19:47",Success,300.00
PMT_448,BK_448,US_7293,"Debit Card","2025-01-22 4:50:31",Success,600.00
PMT_449,BK_449,US_5541,Wallet,"2024-09-19 2:04:30",Refunded,300.00
PMT_450,BK_450,US_2991,"Debit Card","2024-10-18 14:23:03",Failed,600.00
PMT_451,BK_451,US_9460,"Debit Card","2025-09-10 11:50:31",Success,600.00
PMT_452,BK_452,US_6005,"Net Banking","2024-09-26 23:42:45",Success,500.00
PMT_453,BK_453,US_3791,"Credit Card","2025-04-24 4:50:19",Success,800.00
PMT_454,BK_454,US_6178,"Debit Card","2025-01-14 4:32:06",Success,600.00
PMT_455,BK_455,US_9841,Wallet,"2025-10-21 17:34:05",Success,300.00
PMT_456,BK_456,US_5711,UPI,"2025-08-18 0:06:55",Success,400.00
PMT_457,BK_457,US_2762,"Net Banking","2024-12-06 0:12:33",Success,500.00
PMT_458,BK_458,US_8093,"Net Banking","2025-09-29 18:54:18",Success,500.00
PMT_459,BK_459,US_7907,"Debit Card","2025-02-22 15:25:18",Failed,600.00
PMT_460,BK_460,US_671,"Debit Card","2025-10-30 2:50:06",Success,600.00
PMT_461,BK_461,US_2390,Wallet,"2025-08-01 12:17:26",Success,300.00
PMT_462,BK_462,US_629,Wallet,"2024-05-14 2:31:20",Success,300.00
PMT_463,BK_463,US_3339,Wallet,"2025-08-19 13:18:44",Success,300.00
PMT_464,BK_464,US_9960,UPI,"2025-05-25 2:00:35",Success,400.00
PMT_465,BK_465,US_5852,"Credit Card","2024-12-11 10:31:46",Success,800.00
PMT_466,BK_466,US_4273,"Credit Card","2025-07-19 0:12:58",Success,800.00
PMT_467,BK_467,US_1714,"Credit Card","2025-05-04 8:53:33",Failed,800.00
PMT_468,BK_468,US_8212,"Credit Card","2025-03-10 5:44:02",Success,800.00
PMT_469,BK_469,US_7746,Wallet,"2025-05-23 4:53:39",Success,300.00
PMT_470,BK_470,US_3368,UPI,"2024-03-22 8:54:59",Success,400.00
PMT_471,BK_471,US_9049,"Net Banking","2024-07-10 14:38:12",Refunded,500.00
PMT_472,BK_472,US_4032,"Net Banking","2025-02-11 0:28:31",Refunded,500.00
PMT_473,BK_473,US_5621,UPI,"2024-07-10 0:35:50",Failed,400.00
PMT_474,BK_474,US_3004,"Net Banking","2025-03-21 8:25:25",Refunded,500.00
PMT_475,BK_475,US_735,Wallet,"2024-09-18 22:00:36",Success,300.00
PMT_476,BK_476,US_3638,"Debit Card","2025-05-30 2:52:35",Success,600.00
PMT_477,BK_477,US_6245,"Debit Card","2025-01-23 20:42:47",Success,600.00
PMT_478,BK_478,US_9007,UPI,"2024-10-15 9:42:56",Success,400.00
PMT_479,BK_479,US_8964,"Debit Card","2024-08-09 8:40:26",Success,600.00
PMT_480,BK_480,US_2525,"Credit Card","2025-08-26 18:41:56",Success,800.00
PMT_481,BK_481,US_2733,UPI,"2025-04-25 10:05:20",Success,400.00
PMT_482,BK_482,US_2035,"Credit Card","2025-12-08 20:09:55",Success,800.00
PMT_483,BK_483,US_818,Wallet,"2024-11-04 12:54:09",Failed,300.00
PMT_484,BK_484,US_4921,Wallet,"2025-08-02 20:04:56",Success,300.00
PMT_485,BK_485,US_7310,Wallet,"2025-04-12 18:34:03",Success,300.00
PMT_486,BK_486,US_4350,Wallet,"2024-02-17 19:13:37",Success,300.00
PMT_487,BK_487,US_1289,"Credit Card","2024-06-03 2:33:34",Success,800.00
PMT_488,BK_488,US_8171,"Debit Card","2024-05-08 12:31:52",Success,600.00
PMT_489,BK_489,US_9134,"Debit Card","2025-11-10 16:40:42",Success,600.00
PMT_490,BK_490,US_3699,"Net Banking","2024-12-31 20:40:44",Success,500.00
PMT_491,BK_491,US_9831,"Net Banking","2024-05-29 8:55:52",Success,500.00
PMT_492,BK_492,US_4418,"Credit Card","2025-08-19 5:59:56",Success,800.00
PMT_493,BK_493,US_3036,Wallet,"2024-08-24 15:29:39",Success,300.00
PMT_494,BK_494,US_6051,Wallet,"2024-04-19 4:03:31",Success,300.00
PMT_495,BK_495,US_9713,"Debit Card","2024-04-15 17:15:28",Success,600.00
PMT_496,BK_496,US_4118,"Net Banking","2025-03-05 12:02:45",Success,500.00
PMT_497,BK_497,US_2778,"Debit Card","2024-12-02 13:16:34",Success,600.00
PMT_498,BK_498,US_184,"Credit Card","2025-07-01 4:55:34",Success,800.00
PMT_499,BK_499,US_9842,UPI,"2024-02-13 7:05:21",Failed,400.00
PMT_500,BK_500,US_741,"Debit Card","2025-06-23 10:31:18",Success,600.00
PMT_501,BK_501,US_3797,UPI,"2025-09-18 10:32:42",Failed,400.00
PMT_502,BK_502,US_7230,"Credit Card","2024-02-02 7:17:20",Success,800.00
PMT_503,BK_503,US_4214,Wallet,"2025-01-14 6:56:38",Success,300.00
PMT_504,BK_504,US_5312,Wallet,"2024-04-06 15:25:24",Success,300.00
PMT_505,BK_505,US_2618,"Credit Card","2024-03-23 22:16:34",Success,800.00
PMT_506,BK_506,US_7948,"Net Banking","2024-12-17 13:03:23",Success,500.00
PMT_507,BK_507,US_6605,UPI,"2024-08-28 13:30:32",Success,400.00
PMT_508,BK_508,US_8883,"Debit Card","2025-11-27 13:36:35",Success,600.00
PMT_509,BK_509,US_4215,"Debit Card","2025-01-11 19:40:20",Success,600.00
PMT_510,BK_510,US_565,Wallet,"2024-09-03 11:23:46",Success,300.00
PMT_511,BK_511,US_2365,Wallet,"2025-11-28 4:43:41",Success,300.00
PMT_512,BK_512,US_6115,"Net Banking","2024-10-10 11:00:22",Success,500.00
PMT_513,BK_513,US_7214,"Debit Card","2024-09-05 21:47:58",Success,600.00
PMT_514,BK_514,US_1172,"Debit Card","2024-07-19 14:48:25",Success,600.00
PMT_515,BK_515,US_1318,Wallet,"2025-09-08 4:19:17",Failed,300.00
PMT_516,BK_516,US_5235,"Net Banking","2024-10-20 1:59:40",Success,500.00
PMT_517,BK_517,US_3551,Wallet,"2025-12-21 3:23:14",Failed,300.00
PMT_518,BK_518,US_5408,Wallet,"2025-08-25 17:21:45",Success,300.00
PMT_519,BK_519,US_1945,UPI,"2025-06-14 6:32:05",Success,400.00
PMT_520,BK_520,US_8564,"Debit Card","2025-06-12 4:28:14",Success,600.00
PMT_521,BK_521,US_6019,UPI,"2025-05-29 17:13:02",Success,400.00
PMT_522,BK_522,US_4607,"Debit Card","2025-05-07 8:38:27",Failed,600.00
PMT_523,BK_523,US_6605,"Credit Card","2025-10-14 0:05:42",Success,800.00
PMT_524,BK_524,US_1589,UPI,"2024-10-28 16:10:05",Success,400.00
PMT_525,BK_525,US_5273,"Credit Card","2024-01-06 14:29:58",Success,800.00
PMT_526,BK_526,US_9245,UPI,"2024-09-25 20:54:23",Success,400.00
PMT_527,BK_527,US_4556,"Debit Card","2025-08-13 21:19:05",Failed,600.00
PMT_528,BK_528,US_6646,"Credit Card","2025-12-08 19:22:11",Success,800.00
PMT_529,BK_529,US_7334,"Debit Card","2024-09-19 20:58:22",Success,600.00
PMT_530,BK_530,US_5903,"Credit Card","2024-09-07 23:11:18",Failed,800.00
PMT_531,BK_531,US_4846,"Debit Card","2024-08-26 6:46:18",Success,600.00
PMT_532,BK_532,US_832,Wallet,"2025-08-03 13:42:32",Success,300.00
PMT_533,BK_533,US_3629,UPI,"2024-04-02 4:51:25",Success,400.00
PMT_534,BK_534,US_3511,"Credit Card","2025-07-12 13:12:30",Success,800.00
PMT_535,BK_535,US_8193,UPI,"2025-08-04 17:42:08",Success,400.00
PMT_536,BK_536,US_1953,UPI,"2024-09-06 13:28:31",Success,400.00
PMT_537,BK_537,US_6643,"Net Banking","2024-04-11 7:45:26",Success,500.00
PMT_538,BK_538,US_5409,UPI,"2024-04-11 7:51:13",Success,400.00
PMT_539,BK_539,US_7675,UPI,"2024-07-30 22:09:36",Success,400.00
PMT_540,BK_540,US_990,"Credit Card","2024-03-08 8:37:06",Success,800.00
PMT_541,BK_541,US_7266,UPI,"2025-10-23 6:12:41",Success,400.00
PMT_542,BK_542,US_7471,"Debit Card","2024-12-10 9:05:03",Success,600.00
PMT_543,BK_543,US_2741,"Credit Card","2025-09-28 17:01:40",Success,800.00
PMT_544,BK_544,US_990,"Credit Card","2024-03-18 9:15:04",Success,800.00
PMT_545,BK_545,US_5577,UPI,"2024-10-28 10:56:12",Success,400.00
PMT_546,BK_546,US_2612,"Net Banking","2025-02-28 16:38:41",Success,500.00
PMT_547,BK_547,US_9545,"Net Banking","2024-01-18 20:27:26",Success,500.00
PMT_548,BK_548,US_1099,UPI,"2025-08-01 12:29:46",Success,400.00
PMT_549,BK_549,US_1456,"Debit Card","2024-06-03 5:44:28",Success,600.00
PMT_550,BK_550,US_8135,"Debit Card","2025-01-25 9:47:00",Success,600.00
PMT_551,BK_551,US_504,"Net Banking","2025-06-25 12:44:41",Success,500.00
PMT_552,BK_552,US_1430,"Debit Card","2024-12-20 20:04:45",Success,600.00
PMT_553,BK_553,US_2218,Wallet,"2025-11-13 5:04:13",Refunded,300.00
PMT_554,BK_554,US_1536,UPI,"2025-11-09 21:35:10",Success,400.00
PMT_555,BK_555,US_6304,UPI,"2025-06-22 0:28:24",Success,400.00
PMT_556,BK_556,US_1853,"Debit Card","2024-02-15 15:18:56",Failed,600.00
PMT_557,BK_557,US_5597,"Debit Card","2025-01-20 3:54:31",Success,600.00
PMT_558,BK_558,US_344,"Net Banking","2025-06-21 2:01:41",Success,500.00
PMT_559,BK_559,US_6303,"Net Banking","2025-01-15 13:26:50",Success,500.00
PMT_560,BK_560,US_2667,"Debit Card","2024-07-01 4:53:13",Failed,600.00
PMT_561,BK_561,US_8156,UPI,"2025-11-13 19:15:26",Failed,400.00
PMT_562,BK_562,US_4514,UPI,"2025-03-20 23:03:33",Failed,400.00
PMT_563,BK_563,US_6510,UPI,"2024-09-04 10:51:26",Success,400.00
PMT_564,BK_564,US_4145,"Net Banking","2024-07-11 18:11:50",Success,500.00
PMT_565,BK_565,US_7987,"Credit Card","2024-01-14 10:50:24",Success,800.00
PMT_566,BK_566,US_3918,"Debit Card","2024-06-10 7:20:21",Success,600.00
PMT_567,BK_567,US_2201,"Net Banking","2025-05-01 23:23:08",Success,500.00
PMT_568,BK_568,US_4958,"Net Banking","2024-10-27 2:52:21",Success,500.00
PMT_569,BK_569,US_4050,"Debit Card","2025-06-22 9:57:19",Success,600.00
PMT_570,BK_570,US_1621,"Credit Card","2025-08-15 10:23:05",Success,800.00
PMT_571,BK_571,US_8152,UPI,"2025-02-14 15:38:57",Success,400.00
PMT_572,BK_572,US_9392,Wallet,"2024-05-15 10:42:07",Success,300.00
PMT_573,BK_573,US_566,UPI,"2024-04-07 17:51:09",Failed,400.00
PMT_574,BK_574,US_706,"Net Banking","2024-06-28 16:04:55",Success,500.00
PMT_575,BK_575,US_4797,UPI,"2024-01-05 17:47:52",Failed,400.00
PMT_576,BK_576,US_2229,"Debit Card","2024-03-26 1:06:29",Success,600.00
PMT_577,BK_577,US_1948,"Net Banking","2025-12-13 15:40:28",Success,500.00
PMT_578,BK_578,US_3555,Wallet,"2024-04-21 20:11:38",Failed,300.00
PMT_579,BK_579,US_2543,"Credit Card","2025-01-18 0:41:00",Success,800.00
PMT_580,BK_580,US_4375,Wallet,"2024-10-30 15:25:50",Failed,300.00
PMT_581,BK_581,US_6792,UPI,"2024-03-06 14:22:18",Success,400.00
PMT_582,BK_582,US_7755,UPI,"2024-07-23 15:52:46",Success,400.00
PMT_583,BK_583,US_4251,"Debit Card","2024-08-18 13:32:23",Success,600.00
PMT_584,BK_584,US_6464,Wallet,"2025-06-26 17:59:37",Success,300.00
PMT_585,BK_585,US_2121,UPI,"2024-01-07 21:40:08",Success,400.00
PMT_586,BK_586,US_1763,"Net Banking","2025-03-27 3:42:38",Success,500.00
PMT_587,BK_587,US_8515,"Credit Card","2024-05-12 14:52:01",Success,800.00
PMT_588,BK_588,US_9607,UPI,"2024-08-27 5:00:25",Failed,400.00
PMT_589,BK_589,US_1936,"Credit Card","2024-11-29 2:43:34",Success,800.00
PMT_590,BK_590,US_6333,"Debit Card","2024-02-09 12:49:45",Refunded,600.00
PMT_591,BK_591,US_8037,"Debit Card","2024-12-06 19:35:21",Success,600.00
PMT_592,BK_592,US_5830,UPI,"2024-09-15 5:06:29",Success,400.00
PMT_593,BK_593,US_8489,"Credit Card","2025-07-08 16:08:54",Success,800.00
PMT_594,BK_594,US_1088,Wallet,"2024-11-14 8:12:39",Success,300.00
PMT_595,BK_595,US_2808,UPI,"2024-09-13 5:46:08",Success,400.00
PMT_596,BK_596,US_635,"Debit Card","2025-11-24 8:06:55",Success,600.00
PMT_597,BK_597,US_3211,"Debit Card","2025-01-23 11:18:34",Success,600.00
PMT_598,BK_598,US_8826,UPI,"2025-08-15 4:22:25",Success,400.00
PMT_599,BK_599,US_1024,"Net Banking","2025-07-09 14:45:15",Success,500.00
PMT_600,BK_600,US_4997,"Credit Card","2024-03-04 6:02:54",Success,800.00
PMT_601,BK_601,US_6384,"Credit Card","2025-12-19 7:22:46",Success,800.00
PMT_602,BK_602,US_1720,Wallet,"2024-04-02 15:48:39",Success,300.00
PMT_603,BK_603,US_7989,Wallet,"2025-07-23 15:49:00",Success,300.00
PMT_604,BK_604,US_8065,UPI,"2024-04-30 7:46:51",Success,400.00
PMT_605,BK_605,US_1417,"Debit Card","2024-03-09 19:52:50",Success,600.00
PMT_606,BK_606,US_5056,Wallet,"2024-09-05 1:02:47",Success,300.00
PMT_607,BK_607,US_1023,UPI,"2025-07-03 21:00:28",Success,400.00
PMT_608,BK_608,US_1713,"Credit Card","2025-11-20 21:03:12",Success,800.00
PMT_609,BK_609,US_83,"Net Banking","2024-08-13 10:23:05",Refunded,500.00
PMT_610,BK_610,US_2564,Wallet,"2024-06-10 17:01:29",Success,300.00
PMT_611,BK_611,US_8724,"Credit Card","2025-04-22 12:49:23",Success,800.00
PMT_612,BK_612,US_1231,Wallet,"2024-07-09 14:04:37",Success,300.00
PMT_613,BK_613,US_6776,"Credit Card","2024-01-21 8:18:43",Success,800.00
PMT_614,BK_614,US_2325,"Debit Card","2025-01-08 12:50:20",Success,600.00
PMT_615,BK_615,US_742,"Credit Card","2024-02-03 3:46:47",Failed,800.00
PMT_616,BK_616,US_4878,"Debit Card","2024-05-22 18:27:26",Success,600.00
PMT_617,BK_617,US_7475,"Net Banking","2024-01-02 22:04:55",Refunded,500.00
PMT_618,BK_618,US_3347,Wallet,"2025-04-13 16:46:54",Success,300.00
PMT_619,BK_619,US_4495,UPI,"2025-02-21 2:19:33",Success,400.00
PMT_620,BK_620,US_1420,Wallet,"2024-12-16 14:43:08",Success,300.00
PMT_621,BK_621,US_6756,"Debit Card","2025-02-04 9:50:57",Success,600.00
PMT_622,BK_622,US_4838,"Credit Card","2025-08-28 7:57:34",Success,800.00
PMT_623,BK_623,US_5771,UPI,"2024-12-14 23:49:34",Success,400.00
PMT_624,BK_624,US_9772,UPI,"2025-08-23 16:16:35",Success,400.00
PMT_625,BK_625,US_6020,"Credit Card","2024-06-09 8:08:54",Success,800.00
PMT_626,BK_626,US_5276,"Credit Card","2025-03-30 1:45:28",Success,800.00
PMT_627,BK_627,US_6956,"Debit Card","2024-07-26 1:16:52",Success,600.00
PMT_628,BK_628,US_6224,UPI,"2025-01-09 21:25:50",Failed,400.00
PMT_629,BK_629,US_4393,Wallet,"2025-07-20 1:17:13",Success,300.00
PMT_630,BK_630,US_4617,Wallet,"2024-12-21 9:38:23",Success,300.00
PMT_631,BK_631,US_4734,Wallet,"2025-12-25 18:50:47",Failed,300.00
PMT_632,BK_632,US_7972,"Net Banking","2025-09-25 21:47:24",Success,500.00
PMT_633,BK_633,US_6899,"Debit Card","2024-09-29 8:39:33",Failed,600.00
PMT_634,BK_634,US_7773,"Net Banking","2024-04-22 10:56:49",Success,500.00
PMT_635,BK_635,US_4325,Wallet,"2024-10-21 6:28:03",Success,300.00
PMT_636,BK_636,US_6286,"Debit Card","2025-10-21 2:07:36",Success,600.00
PMT_637,BK_637,US_7274,"Net Banking","2025-01-16 3:56:51",Success,500.00
PMT_638,BK_638,US_7721,"Credit Card","2024-11-19 4:07:39",Success,800.00
PMT_639,BK_639,US_6632,"Net Banking","2025-10-24 19:11:22",Success,500.00
PMT_640,BK_640,US_807,Wallet,"2024-08-08 17:33:08",Refunded,300.00
PMT_641,BK_641,US_8748,"Credit Card","2024-05-03 14:54:47",Success,800.00
PMT_642,BK_642,US_3961,"Credit Card","2025-04-09 14:27:25",Success,800.00
PMT_643,BK_643,US_6998,"Credit Card","2025-12-13 9:54:27",Success,800.00
PMT_644,BK_644,US_6268,UPI,"2025-06-25 15:17:04",Success,400.00
PMT_645,BK_645,US_2800,"Net Banking","2025-10-02 6:22:31",Failed,500.00
PMT_646,BK_646,US_8277,UPI,"2024-06-29 23:33:31",Success,400.00
PMT_647,BK_647,US_2760,Wallet,"2025-01-03 0:28:39",Success,300.00
PMT_648,BK_648,US_1234,Wallet,"2024-02-19 17:33:13",Success,300.00
PMT_649,BK_649,US_9435,UPI,"2024-01-13 21:20:21",Success,400.00
PMT_650,BK_650,US_6048,"Credit Card","2024-07-02 11:31:24",Success,800.00
PMT_651,BK_651,US_5308,Wallet,"2025-03-01 16:32:37",Success,300.00
PMT_652,BK_652,US_6628,"Debit Card","2025-06-30 20:50:18",Failed,600.00
PMT_653,BK_653,US_6897,Wallet,"2025-02-20 13:09:25",Success,300.00
PMT_654,BK_654,US_9301,Wallet,"2024-05-16 14:39:16",Failed,300.00
PMT_655,BK_655,US_3059,UPI,"2025-05-31 22:56:04",Failed,400.00
PMT_656,BK_656,US_9063,"Credit Card","2024-10-02 20:49:15",Success,800.00
PMT_657,BK_657,US_3846,"Debit Card","2024-11-17 6:51:42",Success,600.00
PMT_658,BK_658,US_6161,"Debit Card","2024-09-11 14:42:23",Success,600.00
PMT_659,BK_659,US_5519,Wallet,"2025-01-01 15:41:12",Success,300.00
PMT_660,BK_660,US_7900,Wallet,"2024-02-29 0:30:13",Success,300.00
PMT_661,BK_661,US_5702,"Credit Card","2025-09-17 17:31:32",Success,800.00
PMT_662,BK_662,US_3108,"Debit Card","2024-01-02 16:57:30",Success,600.00
PMT_663,BK_663,US_5587,Wallet,"2024-02-23 10:48:41",Success,300.00
PMT_664,BK_664,US_2746,"Debit Card","2024-07-20 6:23:09",Success,600.00
PMT_665,BK_665,US_3482,"Credit Card","2024-09-23 0:27:12",Success,800.00
PMT_666,BK_666,US_5842,"Credit Card","2024-08-11 18:30:31",Success,800.00
PMT_667,BK_667,US_9500,"Debit Card","2024-06-06 7:30:52",Success,600.00
PMT_668,BK_668,US_6995,"Credit Card","2025-01-19 15:52:16",Success,800.00
PMT_669,BK_669,US_989,UPI,"2025-07-24 4:52:36",Success,400.00
PMT_670,BK_670,US_9154,UPI,"2025-01-22 5:24:13",Success,400.00
PMT_671,BK_671,US_8276,UPI,"2024-02-09 18:27:08",Success,400.00
PMT_672,BK_672,US_6189,"Debit Card","2025-11-05 18:43:09",Failed,600.00
PMT_673,BK_673,US_6870,UPI,"2025-10-15 23:14:48",Success,400.00
PMT_674,BK_674,US_5569,UPI,"2024-07-29 19:28:06",Success,400.00
PMT_675,BK_675,US_958,UPI,"2024-11-11 11:32:54",Success,400.00
PMT_676,BK_676,US_6405,Wallet,"2025-01-10 3:48:44",Success,300.00
PMT_677,BK_677,US_9353,"Debit Card","2025-07-24 6:37:05",Failed,600.00
PMT_678,BK_678,US_1512,"Net Banking","2024-11-18 10:40:00",Success,500.00
PMT_679,BK_679,US_41,"Net Banking","2025-02-25 7:37:16",Success,500.00
PMT_680,BK_680,US_9500,"Credit Card","2025-03-16 18:36:13",Success,800.00
PMT_681,BK_681,US_9514,UPI,"2024-01-10 22:14:10",Success,400.00
PMT_682,BK_682,US_3995,"Net Banking","2025-06-28 11:53:52",Success,500.00
PMT_683,BK_683,US_7892,UPI,"2024-01-26 4:14:55",Failed,400.00
PMT_684,BK_684,US_5354,UPI,"2025-10-28 0:32:31",Success,400.00
PMT_685,BK_685,US_1582,UPI,"2024-05-16 4:15:45",Success,400.00
PMT_686,BK_686,US_539,"Credit Card","2024-08-11 8:18:40",Success,800.00
PMT_687,BK_687,US_1024,UPI,"2025-04-28 8:37:00",Refunded,400.00
PMT_688,BK_688,US_8638,"Net Banking","2024-01-09 11:23:03",Success,500.00
PMT_689,BK_689,US_9716,"Debit Card","2024-02-26 18:04:05",Success,600.00
PMT_690,BK_690,US_5026,"Net Banking","2025-03-09 11:57:14",Success,500.00
PMT_691,BK_691,US_9030,"Credit Card","2024-09-01 15:23:40",Success,800.00
PMT_692,BK_692,US_4301,"Debit Card","2025-05-19 20:21:38",Success,600.00
PMT_693,BK_693,US_3753,"Net Banking","2024-02-19 22:33:01",Success,500.00
PMT_694,BK_694,US_6540,Wallet,"2024-11-19 12:19:00",Success,300.00
PMT_695,BK_695,US_2963,UPI,"2025-07-06 7:23:10",Success,400.00
PMT_696,BK_696,US_7729,"Credit Card","2024-01-24 0:18:00",Success,800.00
PMT_697,BK_697,US_814,"Net Banking","2024-03-31 16:42:03",Success,500.00
PMT_698,BK_698,US_9695,"Net Banking","2024-11-15 15:58:10",Success,500.00
PMT_699,BK_699,US_7557,UPI,"2024-08-23 6:30:50",Success,400.00
PMT_700,BK_700,US_1959,Wallet,"2024-11-16 2:53:18",Refunded,300.00
PMT_701,BK_701,US_7555,"Debit Card","2025-01-28 14:29:27",Failed,600.00
PMT_702,BK_702,US_424,"Net Banking","2024-11-17 2:01:06",Success,500.00
PMT_703,BK_703,US_9772,UPI,"2024-02-18 2:38:36",Success,400.00
PMT_704,BK_704,US_2983,Wallet,"2025-02-19 23:57:09",Success,300.00
PMT_705,BK_705,US_6183,"Credit Card","2024-11-10 0:19:43",Success,800.00
PMT_706,BK_706,US_2497,"Debit Card","2024-10-30 19:08:23",Success,600.00
PMT_707,BK_707,US_9969,"Debit Card","2024-04-26 19:39:32",Failed,600.00
PMT_708,BK_708,US_9621,"Debit Card","2024-07-24 5:20:50",Success,600.00
PMT_709,BK_709,US_5898,"Net Banking","2025-11-01 5:06:56",Success,500.00
PMT_710,BK_710,US_7736,"Debit Card","2024-01-27 21:21:47",Success,600.00
PMT_711,BK_711,US_422,"Debit Card","2024-02-13 0:20:25",Success,600.00
PMT_712,BK_712,US_6416,"Credit Card","2024-03-25 7:34:58",Success,800.00
PMT_713,BK_713,US_3161,Wallet,"2025-11-12 11:27:23",Success,300.00
PMT_714,BK_714,US_9035,"Net Banking","2025-06-28 5:58:23",Success,500.00
PMT_715,BK_715,US_9858,"Debit Card","2024-02-27 4:00:07",Success,600.00
PMT_716,BK_716,US_4179,"Credit Card","2024-08-08 3:08:07",Success,800.00
PMT_717,BK_717,US_2641,Wallet,"2025-04-30 4:28:21",Success,300.00
PMT_718,BK_718,US_8883,"Credit Card","2024-09-22 18:00:35",Success,800.00
PMT_719,BK_719,US_8277,"Credit Card","2025-12-29 14:26:16",Success,800.00
PMT_720,BK_720,US_6981,UPI,"2024-02-16 18:48:56",Success,400.00
PMT_721,BK_721,US_8409,"Net Banking","2024-11-05 0:51:20",Success,500.00
PMT_722,BK_722,US_5616,Wallet,"2024-03-08 0:37:15",Success,300.00
PMT_723,BK_723,US_2379,"Debit Card","2024-05-06 3:40:39",Success,600.00
PMT_724,BK_724,US_4476,"Debit Card","2024-10-26 2:22:50",Refunded,600.00
PMT_725,BK_725,US_1028,"Credit Card","2024-07-02 5:27:58",Failed,800.00
PMT_726,BK_726,US_2905,"Credit Card","2024-06-16 2:39:46",Success,800.00
PMT_727,BK_727,US_9359,"Debit Card","2025-07-04 3:12:04",Success,600.00
PMT_728,BK_728,US_4536,"Net Banking","2024-08-27 21:24:26",Success,500.00
PMT_729,BK_729,US_8733,UPI,"2025-11-11 14:03:19",Success,400.00
PMT_730,BK_730,US_4375,UPI,"2024-10-07 7:47:04",Success,400.00
PMT_731,BK_731,US_2950,UPI,"2024-09-25 18:52:15",Failed,400.00
PMT_732,BK_732,US_7125,"Credit Card","2024-09-07 0:43:05",Success,800.00
PMT_733,BK_733,US_1677,Wallet,"2024-07-21 21:48:40",Success,300.00
PMT_734,BK_734,US_378,"Net Banking","2024-05-23 22:04:56",Refunded,500.00
PMT_735,BK_735,US_4530,"Debit Card","2025-02-11 15:06:27",Success,600.00
PMT_736,BK_736,US_508,"Net Banking","2025-07-14 18:57:25",Success,500.00
PMT_737,BK_737,US_5550,"Net Banking","2025-02-24 2:15:46",Success,500.00
PMT_738,BK_738,US_5709,"Debit Card","2024-01-25 1:08:00",Success,600.00
PMT_739,BK_739,US_5509,Wallet,"2025-05-29 8:56:17",Success,300.00
PMT_740,BK_740,US_2408,Wallet,"2025-04-14 22:39:45",Success,300.00
PMT_741,BK_741,US_3652,"Credit Card","2024-09-28 15:43:49",Success,800.00
PMT_742,BK_742,US_1137,Wallet,"2024-06-06 11:57:40",Success,300.00
PMT_743,BK_743,US_3624,"Debit Card","2024-08-21 19:48:26",Success,600.00
PMT_744,BK_744,US_317,"Net Banking","2025-03-12 4:19:52",Success,500.00
PMT_745,BK_745,US_5728,"Credit Card","2024-07-13 6:45:38",Failed,800.00
PMT_746,BK_746,US_80,UPI,"2025-12-10 13:00:53",Success,400.00
PMT_747,BK_747,US_6841,Wallet,"2025-06-06 1:14:54",Success,300.00
PMT_748,BK_748,US_4175,"Credit Card","2024-09-09 3:26:21",Refunded,800.00
PMT_749,BK_749,US_4380,UPI,"2025-10-19 6:24:09",Success,400.00
PMT_750,BK_750,US_9913,"Debit Card","2025-07-16 10:04:33",Success,600.00
PMT_751,BK_751,US_6659,Wallet,"2025-08-07 7:11:31",Failed,300.00
PMT_752,BK_752,US_4173,"Net Banking","2025-09-10 21:23:50",Success,500.00
PMT_753,BK_753,US_6885,"Credit Card","2024-05-11 18:32:27",Success,800.00
PMT_754,BK_754,US_9876,"Credit Card","2025-06-18 6:21:04",Success,800.00
PMT_755,BK_755,US_5196,Wallet,"2024-02-14 2:55:21",Failed,300.00
PMT_756,BK_756,US_854,Wallet,"2024-08-11 22:06:17",Success,300.00
PMT_757,BK_757,US_9854,UPI,"2025-10-01 5:00:37",Success,400.00
PMT_758,BK_758,US_3983,"Net Banking","2024-06-24 7:06:26",Success,500.00
PMT_759,BK_759,US_8815,"Net Banking","2024-11-10 4:51:06",Success,500.00
PMT_760,BK_760,US_4092,"Credit Card","2025-03-09 10:18:29",Success,800.00
PMT_761,BK_761,US_3589,"Credit Card","2025-02-06 4:48:09",Failed,800.00
PMT_762,BK_762,US_119,"Credit Card","2025-01-29 5:21:07",Success,800.00
PMT_763,BK_763,US_3542,"Debit Card","2024-10-22 7:03:54",Failed,600.00
PMT_764,BK_764,US_4366,Wallet,"2024-01-22 22:45:25",Failed,300.00
PMT_765,BK_765,US_4820,UPI,"2025-11-04 21:14:21",Failed,400.00
PMT_766,BK_766,US_8670,UPI,"2025-10-28 21:12:25",Success,400.00
PMT_767,BK_767,US_6805,"Debit Card","2024-10-11 2:53:08",Success,600.00
PMT_768,BK_768,US_5046,"Debit Card","2025-01-02 1:50:20",Success,600.00
PMT_769,BK_769,US_8453,"Credit Card","2025-01-31 7:42:20",Success,800.00
PMT_770,BK_770,US_892,"Credit Card","2024-10-16 18:37:39",Success,800.00
PMT_771,BK_771,US_1896,UPI,"2025-05-31 2:00:42",Success,400.00
PMT_772,BK_772,US_1962,Wallet,"2025-06-22 16:02:47",Refunded,300.00
PMT_773,BK_773,US_8940,"Credit Card","2025-05-01 19:32:48",Success,800.00
PMT_774,BK_774,US_5539,"Debit Card","2024-08-08 13:31:45",Success,600.00
PMT_775,BK_775,US_8857,"Net Banking","2024-06-19 10:15:55",Success,500.00
PMT_776,BK_776,US_1021,"Credit Card","2024-03-20 15:59:16",Success,800.00
PMT_777,BK_777,US_7440,"Debit Card","2024-06-10 23:15:45",Success,600.00
PMT_778,BK_778,US_2644,UPI,"2024-05-26 18:11:58",Success,400.00
PMT_779,BK_779,US_5571,"Net Banking","2025-08-02 1:52:21",Success,500.00
PMT_780,BK_780,US_5369,"Net Banking","2024-07-15 3:33:24",Refunded,500.00
PMT_781,BK_781,US_8342,"Net Banking","2024-01-23 20:25:38",Success,500.00
PMT_782,BK_782,US_1106,"Credit Card","2024-01-05 8:54:21",Success,800.00
PMT_783,BK_783,US_5741,UPI,"2024-03-24 1:35:39",Success,400.00
PMT_784,BK_784,US_6751,"Net Banking","2025-07-05 5:23:20",Success,500.00
PMT_785,BK_785,US_2608,Wallet,"2025-04-27 20:45:02",Success,300.00
PMT_786,BK_786,US_5964,"Debit Card","2024-09-07 13:34:35",Success,600.00
PMT_787,BK_787,US_3883,Wallet,"2025-04-06 19:43:25",Success,300.00
PMT_788,BK_788,US_1876,"Net Banking","2025-08-21 16:47:04",Success,500.00
PMT_789,BK_789,US_8432,Wallet,"2024-03-01 9:39:02",Success,300.00
PMT_790,BK_790,US_5514,"Debit Card","2025-02-08 18:22:37",Success,600.00
PMT_791,BK_791,US_1416,"Net Banking","2025-04-20 12:31:16",Success,500.00
PMT_792,BK_792,US_7102,"Credit Card","2025-11-30 19:17:43",Success,800.00
PMT_793,BK_793,US_6496,UPI,"2024-11-25 6:23:12",Failed,400.00
PMT_794,BK_794,US_7070,"Debit Card","2024-12-29 22:24:40",Success,600.00
PMT_795,BK_795,US_9074,UPI,"2025-04-24 3:17:49",Success,400.00
PMT_796,BK_796,US_9929,"Credit Card","2024-11-16 15:33:45",Success,800.00
PMT_797,BK_797,US_8000,"Debit Card","2024-09-07 6:34:22",Success,600.00
PMT_798,BK_798,US_6166,Wallet,"2024-09-20 17:13:55",Success,300.00
PMT_799,BK_799,US_1162,"Debit Card","2024-10-11 18:54:31",Success,600.00
PMT_800,BK_800,US_6268,"Net Banking","2025-10-15 0:17:57",Failed,500.00
PMT_801,BK_801,US_1080,"Credit Card","2024-02-05 16:19:04",Failed,800.00
PMT_802,BK_802,US_3837,"Credit Card","2024-11-29 12:14:31",Success,800.00
PMT_803,BK_803,US_8668,"Net Banking","2025-04-17 2:46:34",Failed,500.00
PMT_804,BK_804,US_6012,Wallet,"2025-04-14 16:15:01",Success,300.00
PMT_805,BK_805,US_5446,UPI,"2024-04-01 20:14:53",Success,400.00
PMT_806,BK_806,US_5775,"Net Banking","2025-08-19 1:15:29",Success,500.00
PMT_807,BK_807,US_5154,Wallet,"2025-02-15 8:10:08",Success,300.00
PMT_808,BK_808,US_636,"Credit Card","2024-03-13 8:49:36",Success,800.00
PMT_809,BK_809,US_6514,"Credit Card","2025-09-04 7:16:53",Failed,800.00
PMT_810,BK_810,US_6413,Wallet,"2025-04-30 17:08:35",Success,300.00
PMT_811,BK_811,US_8859,UPI,"2025-10-15 22:09:38",Success,400.00
PMT_812,BK_812,US_6318,"Credit Card","2024-08-07 13:36:57",Success,800.00
PMT_813,BK_813,US_7330,Wallet,"2025-10-20 9:32:24",Success,300.00
PMT_814,BK_814,US_9710,"Debit Card","2025-06-11 19:56:47",Refunded,600.00
PMT_815,BK_815,US_5539,"Debit Card","2025-01-23 14:17:26",Success,600.00
PMT_816,BK_816,US_7940,UPI,"2025-06-13 6:58:44",Success,400.00
PMT_817,BK_817,US_1720,UPI,"2025-09-06 3:31:13",Success,400.00
PMT_818,BK_818,US_4847,"Net Banking","2024-01-02 20:45:18",Success,500.00
PMT_819,BK_819,US_8468,Wallet,"2025-03-09 13:56:24",Failed,300.00
PMT_820,BK_820,US_3358,UPI,"2025-04-01 15:08:50",Success,400.00
PMT_821,BK_821,US_9290,"Debit Card","2024-12-17 21:10:14",Success,600.00
PMT_822,BK_822,US_8553,"Net Banking","2024-05-02 4:04:00",Success,500.00
PMT_823,BK_823,US_9949,"Credit Card","2024-12-18 15:50:06",Success,800.00
PMT_824,BK_824,US_9458,Wallet,"2025-09-17 11:05:34",Success,300.00
PMT_825,BK_825,US_5629,Wallet,"2024-03-26 19:20:15",Refunded,300.00
PMT_826,BK_826,US_8632,"Debit Card","2024-01-15 18:31:44",Success,600.00
PMT_827,BK_827,US_8894,"Net Banking","2025-09-30 14:04:50",Failed,500.00
PMT_828,BK_828,US_2571,UPI,"2025-11-28 2:59:37",Failed,400.00
PMT_829,BK_829,US_7608,"Debit Card","2024-05-06 22:23:37",Success,600.00
PMT_830,BK_830,US_90,"Debit Card","2025-01-06 18:32:49",Failed,600.00
PMT_831,BK_831,US_8683,"Credit Card","2025-12-03 9:41:32",Success,800.00
PMT_832,BK_832,US_1982,"Net Banking","2025-07-13 1:49:19",Success,500.00
PMT_833,BK_833,US_9740,"Credit Card","2025-09-23 12:23:42",Success,800.00
PMT_834,BK_834,US_8028,UPI,"2024-10-20 13:27:11",Failed,400.00
PMT_835,BK_835,US_8685,Wallet,"2024-07-08 23:11:14",Refunded,300.00
PMT_836,BK_836,US_8369,"Net Banking","2025-02-02 19:20:33",Failed,500.00
PMT_837,BK_837,US_1230,Wallet,"2025-09-04 8:20:43",Success,300.00
PMT_838,BK_838,US_9306,"Debit Card","2024-09-17 17:37:43",Success,600.00
PMT_839,BK_839,US_562,UPI,"2024-09-29 10:21:19",Success,400.00
PMT_840,BK_840,US_5526,"Credit Card","2025-07-04 22:50:42",Success,800.00
PMT_841,BK_841,US_5704,"Debit Card","2025-04-25 6:08:45",Success,600.00
PMT_842,BK_842,US_9380,"Credit Card","2024-06-11 4:49:38",Success,800.00
PMT_843,BK_843,US_1910,Wallet,"2025-02-10 17:58:41",Success,300.00
PMT_844,BK_844,US_6925,UPI,"2024-12-29 14:42:09",Success,400.00
PMT_845,BK_845,US_2438,"Net Banking","2025-02-10 0:34:39",Success,500.00
PMT_846,BK_846,US_1486,Wallet,"2024-06-02 2:22:59",Success,300.00
PMT_847,BK_847,US_4483,Wallet,"2025-11-16 11:26:15",Success,300.00
PMT_848,BK_848,US_2317,"Credit Card","2024-06-10 14:26:37",Success,800.00
PMT_849,BK_849,US_8998,UPI,"2024-08-18 14:29:45",Success,400.00
PMT_850,BK_850,US_1001,UPI,"2025-02-19 19:38:47",Success,400.00
PMT_851,BK_851,US_1091,"Net Banking","2025-05-27 11:30:50",Success,500.00
PMT_852,BK_852,US_5386,"Debit Card","2025-09-12 19:59:37",Failed,600.00
PMT_853,BK_853,US_7797,UPI,"2025-03-18 10:04:11",Success,400.00
PMT_854,BK_854,US_5894,"Net Banking","2025-06-09 21:00:47",Refunded,500.00
PMT_855,BK_855,US_2593,"Debit Card","2024-03-24 14:02:08",Refunded,600.00
PMT_856,BK_856,US_5990,UPI,"2025-11-21 11:15:31",Success,400.00
PMT_857,BK_857,US_2647,"Debit Card","2024-04-12 8:36:15",Success,600.00
PMT_858,BK_858,US_821,UPI,"2025-08-17 8:42:45",Success,400.00
PMT_859,BK_859,US_1835,"Debit Card","2024-07-08 6:02:28",Success,600.00
PMT_860,BK_860,US_6888,"Net Banking","2025-09-30 15:44:30",Success,500.00
PMT_861,BK_861,US_8173,UPI,"2024-09-09 8:10:14",Success,400.00
PMT_862,BK_862,US_5206,UPI,"2024-08-10 6:14:22",Success,400.00
PMT_863,BK_863,US_562,UPI,"2024-06-29 20:20:48",Success,400.00
PMT_864,BK_864,US_5511,UPI,"2024-11-29 15:37:06",Success,400.00
PMT_865,BK_865,US_8430,"Debit Card","2024-06-03 0:43:12",Failed,600.00
PMT_866,BK_866,US_823,"Credit Card","2025-02-13 8:15:29",Success,800.00
PMT_867,BK_867,US_2861,"Credit Card","2024-02-07 16:44:43",Success,800.00
PMT_868,BK_868,US_1002,Wallet,"2025-12-05 20:16:59",Success,300.00
PMT_869,BK_869,US_7425,"Net Banking","2024-12-14 6:32:43",Success,500.00
PMT_870,BK_870,US_2543,UPI,"2024-01-12 1:43:03",Success,400.00
PMT_871,BK_871,US_6145,"Credit Card","2024-07-27 10:08:39",Success,800.00
PMT_872,BK_872,US_3058,"Debit Card","2024-03-23 14:54:15",Success,600.00
PMT_873,BK_873,US_5207,UPI,"2024-05-24 12:52:48",Success,400.00
PMT_874,BK_874,US_4415,"Credit Card","2024-04-12 3:09:31",Success,800.00
PMT_875,BK_875,US_7552,"Credit Card","2025-11-16 8:05:04",Success,800.00
PMT_876,BK_876,US_9948,"Debit Card","2024-12-31 21:31:31",Success,600.00
PMT_877,BK_877,US_5040,UPI,"2024-01-10 17:04:23",Failed,400.00
PMT_878,BK_878,US_6026,Wallet,"2025-03-11 17:05:19",Success,300.00
PMT_879,BK_879,US_4960,UPI,"2024-10-22 20:34:14",Success,400.00
PMT_880,BK_880,US_5603,"Credit Card","2024-06-15 23:30:48",Success,800.00
PMT_881,BK_881,US_833,"Debit Card","2024-02-03 4:20:46",Success,600.00
PMT_882,BK_882,US_5198,Wallet,"2024-10-01 19:22:35",Success,300.00
PMT_883,BK_883,US_4287,UPI,"2025-03-21 9:20:23",Success,400.00
PMT_884,BK_884,US_5550,"Credit Card","2024-09-09 8:44:39",Success,800.00
PMT_885,BK_885,US_6101,Wallet,"2025-08-22 19:07:13",Success,300.00
PMT_886,BK_886,US_1401,"Net Banking","2024-01-26 12:38:01",Success,500.00
PMT_887,BK_887,US_6312,"Debit Card","2025-07-29 16:01:24",Success,600.00
PMT_888,BK_888,US_6425,"Debit Card","2024-04-11 12:56:47",Success,600.00
PMT_889,BK_889,US_5139,"Debit Card","2025-05-12 7:44:33",Success,600.00
PMT_890,BK_890,US_2400,"Debit Card","2025-09-25 7:53:52",Success,600.00
PMT_891,BK_891,US_9037,Wallet,"2025-07-25 17:33:19",Success,300.00
PMT_892,BK_892,US_9055,"Net Banking","2024-10-11 3:17:25",Success,500.00
PMT_893,BK_893,US_3872,Wallet,"2024-05-12 20:18:22",Success,300.00
PMT_894,BK_894,US_6580,"Credit Card","2025-03-23 7:19:52",Success,800.00
PMT_895,BK_895,US_9844,UPI,"2024-07-21 2:12:48",Success,400.00
PMT_896,BK_896,US_3839,"Credit Card","2024-09-29 9:17:36",Success,800.00
PMT_897,BK_897,US_7862,"Net Banking","2024-01-24 15:53:48",Success,500.00
PMT_898,BK_898,US_2251,"Debit Card","2024-12-03 8:02:50",Success,600.00
PMT_899,BK_899,US_6207,"Debit Card","2024-08-19 0:05:49",Success,600.00
PMT_900,BK_900,US_4948,"Credit Card","2025-12-28 15:33:32",Refunded,800.00
PMT_901,BK_901,US_1699,"Net Banking","2025-09-23 2:33:15",Refunded,500.00
PMT_902,BK_902,US_7562,Wallet,"2024-05-16 7:59:11",Success,300.00
PMT_903,BK_903,US_2666,"Credit Card","2024-05-11 13:12:03",Success,800.00
PMT_904,BK_904,US_2585,"Debit Card","2025-01-11 17:48:25",Success,600.00
PMT_905,BK_905,US_8782,"Debit Card","2025-05-28 0:21:08",Success,600.00
PMT_906,BK_906,US_9497,"Credit Card","2025-06-23 3:04:17",Success,800.00
PMT_907,BK_907,US_3055,"Debit Card","2025-07-13 19:12:16",Success,600.00
PMT_908,BK_908,US_278,UPI,"2025-12-24 12:20:22",Failed,400.00
PMT_909,BK_909,US_9921,"Debit Card","2024-05-02 4:13:24",Success,600.00
PMT_910,BK_910,US_5784,"Net Banking","2025-04-15 21:01:06",Success,500.00
PMT_911,BK_911,US_155,Wallet,"2025-09-13 12:34:51",Failed,300.00
PMT_912,BK_912,US_5174,Wallet,"2024-11-27 3:35:04",Success,300.00
PMT_913,BK_913,US_2,"Credit Card","2025-02-25 11:06:47",Success,800.00
PMT_914,BK_914,US_4266,UPI,"2025-01-02 15:28:41",Success,400.00
PMT_915,BK_915,US_7865,"Credit Card","2024-08-15 0:27:05",Success,800.00
PMT_916,BK_916,US_2497,"Net Banking","2024-12-28 0:32:40",Failed,500.00
PMT_917,BK_917,US_8537,Wallet,"2025-01-25 4:22:56",Success,300.00
PMT_918,BK_918,US_8789,"Net Banking","2025-02-11 19:12:41",Success,500.00
PMT_919,BK_919,US_5112,Wallet,"2024-04-26 5:15:49",Success,300.00
PMT_920,BK_920,US_4290,Wallet,"2025-07-08 22:48:28",Success,300.00
PMT_921,BK_921,US_3559,"Credit Card","2024-02-06 8:57:47",Success,800.00
PMT_922,BK_922,US_5988,Wallet,"2025-08-02 15:30:55",Success,300.00
PMT_923,BK_923,US_2582,"Debit Card","2025-12-14 2:46:53",Success,600.00
PMT_924,BK_924,US_6371,"Credit Card","2025-05-31 5:49:27",Success,800.00
PMT_925,BK_925,US_8234,UPI,"2025-12-03 1:06:20",Success,400.00
PMT_926,BK_926,US_8682,UPI,"2025-05-16 1:40:00",Success,400.00
PMT_927,BK_927,US_8231,"Credit Card","2025-11-11 3:14:28",Success,800.00
PMT_928,BK_928,US_3691,Wallet,"2024-11-24 10:14:38",Success,300.00
PMT_929,BK_929,US_2386,"Credit Card","2025-03-25 11:19:38",Success,800.00
PMT_930,BK_930,US_9381,Wallet,"2025-10-16 4:45:36",Success,300.00
PMT_931,BK_931,US_7877,"Debit Card","2025-08-07 2:56:15",Success,600.00
PMT_932,BK_932,US_2050,"Credit Card","2024-01-08 20:06:47",Success,800.00
PMT_933,BK_933,US_3459,"Credit Card","2025-11-06 19:53:15",Success,800.00
PMT_934,BK_934,US_1275,"Credit Card","2024-08-31 5:54:11",Success,800.00
PMT_935,BK_935,US_2090,"Credit Card","2024-11-01 3:30:40",Success,800.00
PMT_936,BK_936,US_7200,"Debit Card","2025-10-19 21:53:17",Success,600.00
PMT_937,BK_937,US_7720,Wallet,"2025-09-03 6:11:47",Success,300.00
PMT_938,BK_938,US_5370,"Debit Card","2024-08-07 15:31:10",Success,600.00
PMT_939,BK_939,US_1692,"Credit Card","2025-05-31 12:12:11",Success,800.00
PMT_940,BK_940,US_1963,Wallet,"2025-07-08 13:55:12",Success,300.00
PMT_941,BK_941,US_6630,"Net Banking","2024-08-08 21:54:38",Refunded,500.00
PMT_942,BK_942,US_6632,"Debit Card","2024-07-18 2:12:08",Success,600.00
PMT_943,BK_943,US_8387,UPI,"2025-12-21 7:21:34",Success,400.00
PMT_944,BK_944,US_3459,"Credit Card","2025-07-16 6:32:32",Success,800.00
PMT_945,BK_945,US_1399,"Credit Card","2025-05-12 1:50:59",Refunded,800.00
PMT_946,BK_946,US_6327,"Credit Card","2024-11-12 4:15:32",Success,800.00
PMT_947,BK_947,US_5042,"Credit Card","2025-06-12 13:57:41",Success,800.00
PMT_948,BK_948,US_5456,"Net Banking","2024-05-14 23:18:57",Success,500.00
PMT_949,BK_949,US_8907,Wallet,"2024-07-25 0:14:05",Refunded,300.00
PMT_950,BK_950,US_1814,"Net Banking","2024-01-01 0:42:50",Success,500.00
PMT_951,BK_951,US_9682,Wallet,"2025-12-10 22:45:03",Success,300.00
PMT_952,BK_952,US_7018,"Debit Card","2025-03-05 19:26:36",Success,600.00
PMT_953,BK_953,US_9303,"Debit Card","2024-11-10 8:42:19",Refunded,600.00
PMT_954,BK_954,US_8768,"Credit Card","2025-02-10 1:33:14",Success,800.00
PMT_955,BK_955,US_6921,UPI,"2025-05-03 19:12:55",Success,400.00
PMT_956,BK_956,US_6891,Wallet,"2025-08-24 20:04:16",Success,300.00
PMT_957,BK_957,US_1532,Wallet,"2025-05-31 11:38:56",Success,300.00
PMT_958,BK_958,US_6147,Wallet,"2024-01-17 16:51:31",Refunded,300.00
PMT_959,BK_959,US_4619,"Net Banking","2024-03-14 6:12:53",Success,500.00
PMT_960,BK_960,US_9075,Wallet,"2025-12-28 23:03:07",Success,300.00
PMT_961,BK_961,US_8579,"Debit Card","2025-11-26 2:33:17",Success,600.00
PMT_962,BK_962,US_6643,"Debit Card","2024-05-18 20:19:50",Success,600.00
PMT_963,BK_963,US_5827,"Debit Card","2025-08-21 10:59:28",Success,600.00
PMT_964,BK_964,US_4081,"Debit Card","2024-11-17 16:59:58",Success,600.00
PMT_965,BK_965,US_4864,"Net Banking","2024-06-03 2:14:09",Success,500.00
PMT_966,BK_966,US_2678,UPI,"2025-10-23 21:35:32",Success,400.00
PMT_967,BK_967,US_7380,"Credit Card","2025-08-10 12:08:10",Success,800.00
PMT_968,BK_968,US_1988,"Credit Card","2025-11-02 10:22:01",Success,800.00
PMT_969,BK_969,US_2214,"Debit Card","2025-05-01 4:10:18",Failed,600.00
PMT_970,BK_970,US_9082,"Debit Card","2024-06-06 22:00:28",Success,600.00
PMT_971,BK_971,US_5160,"Debit Card","2025-07-19 20:34:00",Success,600.00
PMT_972,BK_972,US_5886,"Net Banking","2025-04-30 16:36:25",Success,500.00
PMT_973,BK_973,US_3189,"Net Banking","2025-08-18 3:56:00",Success,500.00
PMT_974,BK_974,US_1164,"Credit Card","2025-05-26 0:33:12",Success,800.00
PMT_975,BK_975,US_888,"Net Banking","2025-08-18 1:48:48",Success,500.00
PMT_976,BK_976,US_4969,Wallet,"2024-06-27 21:01:03",Success,300.00
PMT_977,BK_977,US_3368,UPI,"2024-06-19 9:02:27",Success,400.00
PMT_978,BK_978,US_7586,Wallet,"2024-01-17 3:29:03",Success,300.00
PMT_979,BK_979,US_5194,"Credit Card","2024-03-19 15:07:21",Success,800.00
PMT_980,BK_980,US_1112,Wallet,"2025-11-29 11:06:47",Success,300.00
PMT_981,BK_981,US_3917,Wallet,"2024-12-26 23:36:51",Success,300.00
PMT_982,BK_982,US_1053,"Debit Card","2025-04-26 0:21:52",Success,600.00
PMT_983,BK_983,US_9282,UPI,"2025-12-11 12:26:32",Refunded,400.00
PMT_984,BK_984,US_9777,"Credit Card","2025-08-19 9:34:01",Refunded,800.00
PMT_985,BK_985,US_4884,UPI,"2025-07-26 19:05:03",Success,400.00
PMT_986,BK_986,US_4214,UPI,"2025-10-16 12:14:36",Success,400.00
PMT_987,BK_987,US_9944,"Credit Card","2024-05-29 12:42:12",Success,800.00
PMT_988,BK_988,US_1367,"Credit Card","2024-05-10 12:26:27",Success,800.00
PMT_989,BK_989,US_4785,Wallet,"2024-10-09 14:53:59",Success,300.00
PMT_990,BK_990,US_5399,UPI,"2025-11-21 3:33:06",Success,400.00
PMT_991,BK_991,US_2942,"Credit Card","2024-08-14 5:28:00",Success,800.00
PMT_992,BK_992,US_8627,UPI,"2025-01-22 16:23:54",Success,400.00
PMT_993,BK_993,US_1036,"Net Banking","2024-02-25 11:34:10",Success,500.00
PMT_994,BK_994,US_9619,Wallet,"2024-02-26 22:29:00",Success,300.00
PMT_995,BK_995,US_9927,"Net Banking","2024-04-01 22:27:33",Success,500.00
PMT_996,BK_996,US_9429,"Credit Card","2025-01-05 19:19:01",Success,800.00
PMT_997,BK_997,US_433,"Credit Card","2025-02-16 21:06:44",Success,800.00
PMT_998,BK_998,US_7704,UPI,"2025-09-11 22:02:51",Failed,400.00
PMT_999,BK_999,US_4718,"Credit Card","2025-02-25 18:59:52",Success,800.00
PMT_1000,BK_1000,US_781,"Debit Card","2025-01-08 2:54:08",Success,600.00
